Workbook

Sheet Dashboard
B1: ApexPlanet Sales Performance – Key Metrics Dashboard (Static Mock-up)
B3: ="Data period: "&TEXT(MIN(Data!$B$2:$B$1001),"dd mmm yyyy")&" to "&TEXT(MAX(Data!$B$2:$B$1001),"dd mmm yyyy")&" | "&TEXT(Calc!$B$8,"#,##0")&" orders | Currency assumed INR | Source: Sales_Dataset" -> Data period: 01 Jan 2025 to 01 Jan 2026 | 1,000 orders | Currency assumed INR | Source: Sales_Dataset
B4: HEADLINE KPIs (Tier 1)
B5: TOTAL REVENUE | E5: TOTAL ORDERS | H5: AVG ORDER VALUE (AOV) | K5: UNITS SOLD
B6: =Calc!$B$7/Calc!$B$4 -> 13.939944 | E6: =Calc!$B$8 -> 1000 | H6: =Calc!$B$9 -> 139399.44 | K6: =Calc!$B$10 -> 5435
B7: ="Sum of Total_Sales" -> Sum of Total_Sales | E7: ="Avg "&TEXT(Calc!$B$11,"0.0")&" units per order" -> Avg 5.4 units per order | H7: ="Revenue ÷ orders" -> Revenue ÷ orders | K7: ="Across "&TEXT(COUNTA(Data!$H$2:$H$1001)-COUNTBLANK(Data!$H$2:$H$1001),"#,##0")&" order lines" -> Across 1,000 order lines
B9: UNIQUE CUSTOMERS | E9: REPEAT CUSTOMER RATE | H9: MoM REVENUE GROWTH | K9: TOP CATEGORY SHARE
B10: =Calc!$B$12 -> 947 | E10: =Calc!$B$14 -> 0.054910243 | H10: =Calc!$B$18 -> -0.025952299 | K10: =Calc!$B$21 -> 0.36426676
B11: ="Avg ₹"&TEXT(Calc!$B$15/100000,"0.00")&" lakh revenue per customer" -> Avg ₹1.47 lakh revenue per customer | E11: =TEXT(Calc!$B$13,"0")&" of "&TEXT(Calc!$B$12,"0")&" customers ordered 2+ times" -> 52 of 947 customers ordered 2+ times | H11: =TEXT(Calc!A49,"mmm-yy")&" vs "&TEXT(Calc!A48,"mmm-yy")&" (last full month)" -> Dec-25 vs Nov-25 (last full month) | K11: =Calc!$B$22&" share of total revenue" -> Electronics share of total revenue
B13: TRENDS & BREAKDOWNS (Tier 2)
B62: KEY TAKEAWAYS FROM EDA
B63: • Revenue is concentrated in Electronics: 36.4% of revenue (Laptop + Mobile) while the other four categories hold 14–18% each.
B64: • Retention is the biggest gap: only 52 of 947 customers (5.5%) ordered more than once, and none more than 3 times.
B65: • Revenue peaked in Mar-25 (₹131 Lakh) and bottomed in Sep-25 (₹92 Lakh); Dec-25 closed -2.6% vs Nov-25.
B66: • Patna leads on revenue (₹193 Lakh) but Bengaluru has the highest AOV (₹1.54 Lakh); Gaya is lowest on revenue (₹144 Lakh).
B68: DATA-QUALITY WATCH (Tier 3)
B69: Missing City | E69: Missing Age | H69: Reused Order_IDs | K69: Jan-26 partial month
B70: =TEXT(Calc!$B$27,"0")&" rows ("&TEXT(Calc!$B$28,"0.0%")&")" -> 13 rows (1.3%) | E70: =TEXT(Calc!$B$25,"0")&" rows ("&TEXT(Calc!$B$26,"0.0%")&")" -> 20 rows (2.0%) | H70: =TEXT(Calc!$B$24,"0")&" duplicate-ID rows" -> 8 duplicate-ID rows | K70: =TEXT(Calc!$B$30,"0")&" orders (excluded from trend)" -> 5 orders (excluded from trend)
B72: Static mock-up: layout and KPI selection are the deliverable. Figures are formula-driven from the Data/Calc sheets and reflect the dataset at build time; no slicers or interactivity. ₹ Cr = 10,000,000; ₹ Lakh = 100,000.

Sheet KPI_Framework
A1: Proposed KPI Framework – what to track and why
A2: Prioritised from the EDA. Current values are live links to the Calc sheet. Targets are intentionally left for business stakeholders – none are invented here.
A4: # | B4: Tier | C4: KPI | D4: Definition / formula | E4: Current value | F4: Why it matters (EDA evidence) | G4: Suggested visual | H4: Cadence | I4: Proposed alert rule (to validate)
A5: 1 | B5: Tier 1 – Headline | C5: Total Revenue | D5: SUM(Total_Sales) | E5: =Calc!$B$7 -> 1.3939944e+08 | F5: Core scale metric. Total_Sales reconciles exactly to Quantity × Unit_Price on every row, so it is a reliable revenue measure. | G5: KPI card + monthly line | H5: Daily / monthly | I5: Month < 90% of trailing-3-month average
A6: 2 | B6: Tier 1 – Headline | C6: Total Orders | D6: COUNT(order rows) | E6: =Calc!$B$8 -> 1000 | F6: Volume driver. Order_ID is not unique (reused IDs), so count rows, not distinct IDs, until the source is fixed. | G6: KPI card | H6: Daily / monthly | I6: Orders fall while AOV is flat
A7: 3 | B7: Tier 1 – Headline | C7: Average Order Value (AOV) | D7: Total Revenue ÷ Total Orders | E7: =Calc!$B$9 -> 139399.44 | F7: Separates growth from volume vs. basket size. AOV varies by city (Bengaluru highest, Gaya lowest) and by category. | G7: KPI card + AOV by city | H7: Monthly | I7: AOV drops > 5% MoM
A8: 4 | B8: Tier 1 – Headline | C8: Unique Customers | D8: DISTINCT(Customer_ID) | E8: =Calc!$B$12 -> 947 | F8: 947 distinct IDs for 1,000 orders. Customer_ID (not Customer_Name, which repeats across IDs) must be the key. | G8: KPI card | H8: Monthly | I8: New-customer count falls 2 months in a row
A9: 5 | B9: Tier 1 – Headline | C9: Repeat Customer Rate | D9: Customers with 2+ orders ÷ Unique Customers | E9: =Calc!$B$14 -> 0.054910243 | F9: Very low baseline: retention is the largest improvement opportunity visible in the data. | G9: KPI card + trend | H9: Monthly / quarterly | I9: Any decline vs. prior quarter
A10: 6 | B10: Tier 1 – Headline | C10: MoM Revenue Growth | D10: Latest full month ÷ prior month − 1 | E10: =Calc!$B$18 -> -0.025952299 | F10: Revenue is seasonal: peak in Mar-25, trough in Aug–Sep-25, recovery in Oct-25. Growth rate flags turns early. | G10: KPI card + monthly line | H10: Monthly | I10: Two consecutive negative months
A11: 7 | B11: Tier 2 – Diagnostic | C11: Category revenue share | D11: Category revenue ÷ Total Revenue | E11: =Calc!$B$21 -> 0.36426676 | F11: Electronics holds ~36% of revenue; a dip in one category moves the whole business. | G11: Horizontal bar | H11: Monthly | I11: Any category share moves > 3 pts MoM
A12: 8 | B12: Tier 2 – Diagnostic | C12: Product revenue & units | D12: SUM(Total_Sales), SUM(Quantity) by Product | E12: =Calc!$B$68 -> 254.43009 | F12: Six products contribute 14–18% each, so no single hero SKU. Shoes is lowest on revenue and AOV. (Value shown: top product, ₹ Lakh.) | G12: Column chart | H12: Monthly | I12: Product share < 12%
A13: 9 | B13: Tier 2 – Diagnostic | C13: City revenue & AOV | D13: SUM(Total_Sales) and AOV by City | E13: =Calc!$B$23 -> Patna | F13: Patna, Kolkata, Bengaluru, Mumbai lead; Pune and Gaya trail. Bengaluru wins on basket size, Patna on order count. (Value shown: top city.) | G13: Horizontal bar + AOV | H13: Monthly | I13: City revenue −10% vs. 3-month avg
A14: 10 | B14: Tier 2 – Diagnostic | C14: Revenue by age group | D14: SUM(Total_Sales) by Age band | E14: =Calc!$B$94 -> 296.32337 | F14: 26–35 is the biggest segment; 18–25 the smallest. Differences are modest. (Value shown: 26–35 revenue, ₹ Lakh.) | G14: Column chart | H14: Quarterly | I14: Segment share shifts > 3 pts
A15: 11 | B15: Tier 2 – Diagnostic | C15: Gender revenue split | D15: SUM(Total_Sales) by Gender | E15: =Calc!$F$104 -> 0.5198267 | F15: Near 52/48 split with a small AOV gap; low priority, kept as context. (Value shown: male share.) | G15: Doughnut | H15: Quarterly | I15: Not alert-worthy
A16: 12 | B16: Tier 3 – Data health | C16: Missing City / Age % | D16: Blank City ÷ rows; Blank Age ÷ rows | E16: =Calc!$B$28 -> 0.013 | F16: 13 rows lack City (~₹15 Lakh revenue unattributable); 20 rows lack Age. (Value shown: missing-City %.) | G16: Warning strip | H16: Each load | I16: > 2% on either field
A17: 13 | B17: Tier 3 – Data health | C17: Duplicate Order_ID rows | D17: Rows − distinct Order_IDs | E17: =Calc!$B$24 -> 8 | F17: ORD100050 appears 9 times with different customers and dates – an ID-generation issue to raise with the data owner. | G17: Warning strip | H17: Each load | I17: > 0
A18: 14 | B18: Tier 3 – Data health | C18: Line-total mismatches | D18: Rows where Qty × Price ≠ Total_Sales | E18: =Calc!$B$29 -> 0 | F18: Currently zero – keep monitoring so the revenue KPI stays trustworthy. | G18: Warning strip | H18: Each load | I18: > 0
A20: Alert rules are proposals for discussion, not agreed thresholds. Currency assumed INR.

Sheet EDA_Insights
A1: EDA Insights that shaped the KPI selection
A2: Findings are a snapshot from exploratory analysis of Sales_Dataset (computed at build time).
A4: # | B4: Theme | C4: Finding | D4: Implication for the dashboard
A5: 1 | B5: Data profile | C5: 1,000 transaction rows, 12 columns, 01 Jan 2025 to 01 Jan 2026; 6 products in 5 categories sold across 8 cities. Total revenue ₹13.94 Cr. | D5: Small, clean-enough dataset; a single-page dashboard is the right size.
A6: 2 | B6: Revenue integrity | C6: Quantity × Unit_Price equals Total_Sales on all 1,000 rows (0 mismatches). | D6: Total_Sales can be used directly as the revenue measure.
A7: 3 | B7: Category mix | C7: Electronics = 36.4% of revenue and 35.4% of orders. Education 18.0%, Grocery 15.9%, Furniture 15.4%, Fashion 14.2%. | D7: Track category share and top-category share as a concentration KPI.
A8: 4 | B8: Product mix | C8: Laptop 18.3%, Mobile 18.2%, Book 18.0%, Rice 15.9%, Chair 15.4%, Shoes 14.2%. Shoes has the lowest AOV (₹1.27 Lakh). | D8: No single hero product; show product revenue as a simple column chart.
A9: 5 | B9: Geography | C9: Patna is the top city (₹193 Lakh, 13.8%), Gaya the lowest (₹144 Lakh). AOV ranges from ₹1.23 Lakh (Gaya) to ₹1.54 Lakh (Bengaluru). | D9: Show city revenue plus AOV: volume and basket size tell different stories.
A10: 6 | B10: Seasonality | C10: Monthly revenue ranges from ₹92 Lakh (Sep-25) to ₹131 Lakh (Mar-25); Aug–Sep dip, then Oct recovery (₹125 Lakh). Dec-25 is -2.6% vs Nov-25. | D10: A monthly trend line and MoM growth are essential; consider YoY once a second year exists.
A11: 7 | B11: Customers | C11: 947 distinct Customer_IDs across 1,000 orders; only 52 repeat customers (5.5%), max 3 orders. 425 customer names map to 947 IDs, so names are not unique. | D11: Repeat Customer Rate is a priority KPI; always key on Customer_ID.
A12: 8 | B12: Demographics | C12: Age 18–65 (mean 41); 26–35 is the biggest revenue band (₹296 Lakh), 18–25 the smallest (₹223 Lakh). Male 52% / Female 48% of revenue; AOV ₹1.42 vs ₹1.37 Lakh. | D12: Differences are small; keep as contextual Tier 2 visuals, not headline KPIs.
A13: 9 | B13: Pricing realism | C13: Quantity is spread evenly from 1 to 10 and average unit price is similar for every product (₹24,728–₹26,360); Rice is priced like a Laptop. | D13: The data looks synthetic. Treat product-price KPIs with caution; focus on revenue, orders and customers.
A14: 10 | B14: Data quality | C14: 13 rows missing City (₹15.4 Lakh), 20 missing Age, 8 duplicate Order_ID rows (ORD100050 appears 9 times), 5 orders on 01 Jan 2026 only. | D14: Add a data-quality strip; show missing City as “Unknown”; exclude the partial month from the trend.

Sheet Calc
A1: Calculation layer – every dashboard number is computed here from the Data sheet
A2: Assumptions
A3: ₹ Lakh divisor | B3: 100000 | C3: Assumption: 1 Lakh = 100,000. Currency assumed INR (dataset has no currency field; cities are Indian).
A4: Crore divisor | B4: 10000000 | C4: Assumption: 1 Crore = 10,000,000.
A6: Headline KPI | B6: Value | C6: Definition
A7: Total Revenue (₹) | B7: =SUM(Data!$L$2:$L$1001) -> 1.3939944e+08 | C7: Sum of Total_Sales
A8: Total Orders | B8: =COUNTA(Data!$A$2:$A$1001) -> 1000 | C8: Count of transaction rows (Order_ID is not unique – see data-quality block)
A9: Average Order Value (₹) | B9: =B7/B8 -> 139399.44 | C9: Total Revenue ÷ Total Orders
A10: Units Sold | B10: =SUM(Data!$J$2:$J$1001) -> 5435 | C10: Sum of Quantity
A11: Units per Order | B11: =B10/B8 -> 5.435 | C11: Units Sold ÷ Total Orders
A12: Unique Customers | B12: =SUM(Data!$Q$2:$Q$1001) -> 947 | C12: Distinct Customer_ID
A13: Repeat Customers | B13: =SUMPRODUCT(Data!$Q$2:$Q$1001*(Data!$P$2:$P$1001>1)) -> 52 | C13: Customers with 2+ orders
A14: Repeat Customer Rate | B14: =B13/B12 -> 0.054910243 | C14: Repeat Customers ÷ Unique Customers
A15: Revenue per Customer (₹) | B15: =B7/B12 -> 147201.1 | C15: Total Revenue ÷ Unique Customers
A16: Latest full month revenue (₹ Lakh) | B16: =C49 -> 122.99904 | C16: Dec-25 – last complete month in the data
A17: Prior month revenue (₹ Lakh) | B17: =C48 -> 126.2762
A18: MoM Revenue Growth | B18: =IF(B17=0,0,B16/B17-1) -> -0.025952299 | C18: Latest full month ÷ prior month − 1
A20: Concentration & data-quality metrics | B20: Value | C20: Definition
A21: Top category revenue share | B21: =MAX(F58:F62) -> 0.36426676 | C21: Largest category share of total revenue
A22: Top category | B22: =INDEX(A58:A62,MATCH(MAX(F58:F62),F58:F62,0)) -> Electronics | C22: Category with the highest revenue
A23: Top city | B23: =INDEX(A79:A86,MATCH(MAX(B79:B86),B79:B86,0)) -> Patna | C23: City with the highest revenue (excl. Unknown)
A24: Order_IDs reused (duplicate rows) | B24: =B8-SUMPRODUCT(1/COUNTIF(Data!$A$2:$A$1001,Data!$A$2:$A$1001)) -> 8 | C24: Rows − distinct Order_IDs
A25: Missing Age (rows) | B25: =COUNTBLANK(Data!$E$2:$E$1001) -> 20 | C25: Blank Age
A26: Missing Age % | B26: =B25/B8 -> 0.02
A27: Missing City (rows) | B27: =COUNTBLANK(Data!$G$2:$G$1001) -> 13 | C27: Blank City
A28: Missing City % | B28: =B27/B8 -> 0.013
A29: Line-total mismatches | B29: =SUMPRODUCT(--(ABS(Data!$J$2:$J$1001*Data!$K$2:$K$1001-Data!$L$2:$L$1001)>0.05)) -> 0 | C29: Rows where Quantity × Unit_Price ≠ Total_Sales (tolerance ₹0.05)
A30: Orders dated Jan-26 (partial month) | B30: =D51 -> 5 | C30: Excluded from monthly trend; included in headline totals
A31: Revenue with missing City (₹ Lakh) | B31: =B87 -> 15.406175 | C31: Revenue that cannot be attributed to a city
A36: Monthly Revenue Trend (calendar 2025)
A37: Month | B37: Label | C37: Revenue (₹ Lakh) | D37: Orders | E37: AOV (₹) | F37: MoM Growth
A38: 45658 | B38: =TEXT(A38,"mmm-yy") -> Jan-25 | C38: =SUMIFS(Data!$L$2:$L$1001,Data!$M$2:$M$1001,$A38)/$B$3 -> 100.96191 | D38: =COUNTIFS(Data!$M$2:$M$1001,$A38) -> 76 | E38: =IF(D38=0,0,C38*$B$3/D38) -> 132844.61
A39: 45689 | B39: =TEXT(A39,"mmm-yy") -> Feb-25 | C39: =SUMIFS(Data!$L$2:$L$1001,Data!$M$2:$M$1001,$A39)/$B$3 -> 115.11181 | D39: =COUNTIFS(Data!$M$2:$M$1001,$A39) -> 86 | E39: =IF(D39=0,0,C39*$B$3/D39) -> 133850.95 | F39: =IF(C38=0,0,C39/C38-1) -> 0.14015095
A40: 45717 | B40: =TEXT(A40,"mmm-yy") -> Mar-25 | C40: =SUMIFS(Data!$L$2:$L$1001,Data!$M$2:$M$1001,$A40)/$B$3 -> 130.599 | D40: =COUNTIFS(Data!$M$2:$M$1001,$A40) -> 89 | E40: =IF(D40=0,0,C40*$B$3/D40) -> 146740.45 | F40: =IF(C39=0,0,C40/C39-1) -> 0.13454036
A41: 45748 | B41: =TEXT(A41,"mmm-yy") -> Apr-25 | C41: =SUMIFS(Data!$L$2:$L$1001,Data!$M$2:$M$1001,$A41)/$B$3 -> 122.227 | D41: =COUNTIFS(Data!$M$2:$M$1001,$A41) -> 80 | E41: =IF(D41=0,0,C41*$B$3/D41) -> 152783.75 | F41: =IF(C40=0,0,C41/C40-1) -> -0.064104608
A42: 45778 | B42: =TEXT(A42,"mmm-yy") -> May-25 | C42: =SUMIFS(Data!$L$2:$L$1001,Data!$M$2:$M$1001,$A42)/$B$3 -> 109.84689 | D42: =COUNTIFS(Data!$M$2:$M$1001,$A42) -> 85 | E42: =IF(D42=0,0,C42*$B$3/D42) -> 129231.64 | F42: =IF(C41=0,0,C42/C41-1) -> -0.10128784
A43: 45809 | B43: =TEXT(A43,"mmm-yy") -> Jun-25 | C43: =SUMIFS(Data!$L$2:$L$1001,Data!$M$2:$M$1001,$A43)/$B$3 -> 129.12333 | D43: =COUNTIFS(Data!$M$2:$M$1001,$A43) -> 83 | E43: =IF(D43=0,0,C43*$B$3/D43) -> 155570.27 | F43: =IF(C42=0,0,C43/C42-1) -> 0.17548456
A44: 45839 | B44: =TEXT(A44,"mmm-yy") -> Jul-25 | C44: =SUMIFS(Data!$L$2:$L$1001,Data!$M$2:$M$1001,$A44)/$B$3 -> 117.46227 | D44: =COUNTIFS(Data!$M$2:$M$1001,$A44) -> 83 | E44: =IF(D44=0,0,C44*$B$3/D44) -> 141520.8 | F44: =IF(C43=0,0,C44/C43-1) -> -0.090309464
A45: 45870 | B45: =TEXT(A45,"mmm-yy") -> Aug-25 | C45: =SUMIFS(Data!$L$2:$L$1001,Data!$M$2:$M$1001,$A45)/$B$3 -> 94.484712 | D45: =COUNTIFS(Data!$M$2:$M$1001,$A45) -> 75 | E45: =IF(D45=0,0,C45*$B$3/D45) -> 125979.62 | F45: =IF(C44=0,0,C45/C44-1) -> -0.19561648
A46: 45901 | B46: =TEXT(A46,"mmm-yy") -> Sep-25 | C46: =SUMIFS(Data!$L$2:$L$1001,Data!$M$2:$M$1001,$A46)/$B$3 -> 91.798963 | D46: =COUNTIFS(Data!$M$2:$M$1001,$A46) -> 79 | E46: =IF(D46=0,0,C46*$B$3/D46) -> 116201.22 | F46: =IF(C45=0,0,C46/C45-1) -> -0.028425226
A47: 45931 | B47: =TEXT(A47,"mmm-yy") -> Oct-25 | C47: =SUMIFS(Data!$L$2:$L$1001,Data!$M$2:$M$1001,$A47)/$B$3 -> 125.00937 | D47: =COUNTIFS(Data!$M$2:$M$1001,$A47) -> 84 | E47: =IF(D47=0,0,C47*$B$3/D47) -> 148820.67 | F47: =IF(C46=0,0,C47/C46-1) -> 0.36177317
A48: 45962 | B48: =TEXT(A48,"mmm-yy") -> Nov-25 | C48: =SUMIFS(Data!$L$2:$L$1001,Data!$M$2:$M$1001,$A48)/$B$3 -> 126.2762 | D48: =COUNTIFS(Data!$M$2:$M$1001,$A48) -> 77 | E48: =IF(D48=0,0,C48*$B$3/D48) -> 163995.07 | F48: =IF(C47=0,0,C48/C47-1) -> 0.010133938
A49: 45992 | B49: =TEXT(A49,"mmm-yy") -> Dec-25 | C49: =SUMIFS(Data!$L$2:$L$1001,Data!$M$2:$M$1001,$A49)/$B$3 -> 122.99904 | D49: =COUNTIFS(Data!$M$2:$M$1001,$A49) -> 98 | E49: =IF(D49=0,0,C49*$B$3/D49) -> 125509.23 | F49: =IF(C48=0,0,C49/C48-1) -> -0.025952299
A50: 2025 total | C50: =SUM(C38:C49) -> 1385.9005 | D50: =SUM(D38:D49) -> 995 | E50: =IF(D50=0,0,C50*$B$3/D50) -> 139286.48
A51: Excluded: Jan-26 | C51: =SUMIFS(Data!$L$2:$L$1001,Data!$B$2:$B$1001,">="&DATE(2026,1,1))/$B$3 -> 8.0938999 | D51: =COUNTIFS(Data!$B$2:$B$1001,">="&DATE(2026,1,1)) -> 5
A52: Check vs total (should be 0) | C52: =ROUND(C50+C51-$B$7/$B$3,6) -> 0
A56: Revenue by Category
A57: Category | B57: Revenue (₹ Lakh) | C57: Orders | D57: Units | E57: AOV (₹) | F57: Revenue Share
A58: Electronics | B58: =SUMIFS(Data!$L$2:$L$1001,Data!$I$2:$I$1001,$A58)/$B$3 -> 507.78582 | C58: =COUNTIFS(Data!$I$2:$I$1001,$A58) -> 354 | D58: =SUMIFS(Data!$J$2:$J$1001,Data!$I$2:$I$1001,$A58) -> 1978 | E58: =IF(C58=0,0,B58*$B$3/C58) -> 143442.32 | F58: =B58/$B$63 -> 0.36426676
A59: Education | B59: =SUMIFS(Data!$L$2:$L$1001,Data!$I$2:$I$1001,$A59)/$B$3 -> 250.31689 | C59: =COUNTIFS(Data!$I$2:$I$1001,$A59) -> 178 | D59: =SUMIFS(Data!$J$2:$J$1001,Data!$I$2:$I$1001,$A59) -> 977 | E59: =IF(C59=0,0,B59*$B$3/C59) -> 140627.47 | F59: =B59/$B$63 -> 0.17956808
A60: Grocery | B60: =SUMIFS(Data!$L$2:$L$1001,Data!$I$2:$I$1001,$A60)/$B$3 -> 222.31711 | C60: =COUNTIFS(Data!$I$2:$I$1001,$A60) -> 153 | D60: =SUMIFS(Data!$J$2:$J$1001,Data!$I$2:$I$1001,$A60) -> 826 | E60: =IF(C60=0,0,B60*$B$3/C60) -> 145305.3 | F60: =B60/$B$63 -> 0.15948207
A61: Furniture | B61: =SUMIFS(Data!$L$2:$L$1001,Data!$I$2:$I$1001,$A61)/$B$3 -> 215.21561 | C61: =COUNTIFS(Data!$I$2:$I$1001,$A61) -> 159 | D61: =SUMIFS(Data!$J$2:$J$1001,Data!$I$2:$I$1001,$A61) -> 855 | E61: =IF(C61=0,0,B61*$B$3/C61) -> 135355.73 | F61: =B61/$B$63 -> 0.15438772
A62: Fashion | B62: =SUMIFS(Data!$L$2:$L$1001,Data!$I$2:$I$1001,$A62)/$B$3 -> 198.35896 | C62: =COUNTIFS(Data!$I$2:$I$1001,$A62) -> 156 | D62: =SUMIFS(Data!$J$2:$J$1001,Data!$I$2:$I$1001,$A62) -> 799 | E62: =IF(C62=0,0,B62*$B$3/C62) -> 127153.18 | F62: =B62/$B$63 -> 0.14229538
A63: Total | B63: =SUM(B58:B62) -> 1393.9944 | C63: =SUM(C58:C62) -> 1000 | D63: =SUM(D58:D62) -> 5435 | E63: =IF(C63=0,0,B63*$B$3/C63) -> 139399.44 | F63: =B63/$B$63 -> 1
A66: Revenue by Product
A67: Product | B67: Revenue (₹ Lakh) | C67: Orders | D67: Units | E67: AOV (₹) | F67: Revenue Share | G67: Category
A68: Laptop | B68: =SUMIFS(Data!$L$2:$L$1001,Data!$H$2:$H$1001,$A68)/$B$3 -> 254.43009 | C68: =COUNTIFS(Data!$H$2:$H$1001,$A68) -> 170 | D68: =SUMIFS(Data!$J$2:$J$1001,Data!$H$2:$H$1001,$A68) -> 970 | E68: =IF(C68=0,0,B68*$B$3/C68) -> 149664.76 | F68: =B68/$B$74 -> 0.18251873 | G68: Electronics
A69: Mobile | B69: =SUMIFS(Data!$L$2:$L$1001,Data!$H$2:$H$1001,$A69)/$B$3 -> 253.35573 | C69: =COUNTIFS(Data!$H$2:$H$1001,$A69) -> 184 | D69: =SUMIFS(Data!$J$2:$J$1001,Data!$H$2:$H$1001,$A69) -> 1008 | E69: =IF(C69=0,0,B69*$B$3/C69) -> 137693.33 | F69: =B69/$B$74 -> 0.18174803 | G69: Electronics
A70: Book | B70: =SUMIFS(Data!$L$2:$L$1001,Data!$H$2:$H$1001,$A70)/$B$3 -> 250.31689 | C70: =COUNTIFS(Data!$H$2:$H$1001,$A70) -> 178 | D70: =SUMIFS(Data!$J$2:$J$1001,Data!$H$2:$H$1001,$A70) -> 977 | E70: =IF(C70=0,0,B70*$B$3/C70) -> 140627.47 | F70: =B70/$B$74 -> 0.17956808 | G70: Education
A71: Rice | B71: =SUMIFS(Data!$L$2:$L$1001,Data!$H$2:$H$1001,$A71)/$B$3 -> 222.31711 | C71: =COUNTIFS(Data!$H$2:$H$1001,$A71) -> 153 | D71: =SUMIFS(Data!$J$2:$J$1001,Data!$H$2:$H$1001,$A71) -> 826 | E71: =IF(C71=0,0,B71*$B$3/C71) -> 145305.3 | F71: =B71/$B$74 -> 0.15948207 | G71: Grocery
A72: Chair | B72: =SUMIFS(Data!$L$2:$L$1001,Data!$H$2:$H$1001,$A72)/$B$3 -> 215.21561 | C72: =COUNTIFS(Data!$H$2:$H$1001,$A72) -> 159 | D72: =SUMIFS(Data!$J$2:$J$1001,Data!$H$2:$H$1001,$A72) -> 855 | E72: =IF(C72=0,0,B72*$B$3/C72) -> 135355.73 | F72: =B72/$B$74 -> 0.15438772 | G72: Furniture
A73: Shoes | B73: =SUMIFS(Data!$L$2:$L$1001,Data!$H$2:$H$1001,$A73)/$B$3 -> 198.35896 | C73: =COUNTIFS(Data!$H$2:$H$1001,$A73) -> 156 | D73: =SUMIFS(Data!$J$2:$J$1001,Data!$H$2:$H$1001,$A73) -> 799 | E73: =IF(C73=0,0,B73*$B$3/C73) -> 127153.18 | F73: =B73/$B$74 -> 0.14229538 | G73: Fashion
A74: Total | B74: =SUM(B68:B73) -> 1393.9944 | C74: =SUM(C68:C73) -> 1000 | D74: =SUM(D68:D73) -> 5435 | E74: =IF(C74=0,0,B74*$B$3/C74) -> 139399.44 | F74: =B74/$B$74 -> 1
A77: Revenue by City
A78: City | B78: Revenue (₹ Lakh) | C78: Orders | D78: Units | E78: AOV (₹) | F78: Revenue Share
A79: Patna | B79: =SUMIFS(Data!$L$2:$L$1001,Data!$N$2:$N$1001,$A79)/$B$3 -> 192.85967 | C79: =COUNTIFS(Data!$N$2:$N$1001,$A79) -> 135 | D79: =SUMIFS(Data!$J$2:$J$1001,Data!$N$2:$N$1001,$A79) -> 753 | E79: =IF(C79=0,0,B79*$B$3/C79) -> 142859.01 | F79: =B79/$B$88 -> 0.13835039
A80: Kolkata | B80: =SUMIFS(Data!$L$2:$L$1001,Data!$N$2:$N$1001,$A80)/$B$3 -> 188.8435 | C80: =COUNTIFS(Data!$N$2:$N$1001,$A80) -> 133 | D80: =SUMIFS(Data!$J$2:$J$1001,Data!$N$2:$N$1001,$A80) -> 748 | E80: =IF(C80=0,0,B80*$B$3/C80) -> 141987.59 | F80: =B80/$B$88 -> 0.13546934
A81: Bengaluru | B81: =SUMIFS(Data!$L$2:$L$1001,Data!$N$2:$N$1001,$A81)/$B$3 -> 187.73574 | C81: =COUNTIFS(Data!$N$2:$N$1001,$A81) -> 122 | D81: =SUMIFS(Data!$J$2:$J$1001,Data!$N$2:$N$1001,$A81) -> 670 | E81: =IF(C81=0,0,B81*$B$3/C81) -> 153881.76 | F81: =B81/$B$88 -> 0.13467468
A82: Mumbai | B82: =SUMIFS(Data!$L$2:$L$1001,Data!$N$2:$N$1001,$A82)/$B$3 -> 187.5705 | C82: =COUNTIFS(Data!$N$2:$N$1001,$A82) -> 131 | D82: =SUMIFS(Data!$J$2:$J$1001,Data!$N$2:$N$1001,$A82) -> 707 | E82: =IF(C82=0,0,B82*$B$3/C82) -> 143183.59 | F82: =B82/$B$88 -> 0.13455614
A83: Hyderabad | B83: =SUMIFS(Data!$L$2:$L$1001,Data!$N$2:$N$1001,$A83)/$B$3 -> 171.66767 | C83: =COUNTIFS(Data!$N$2:$N$1001,$A83) -> 125 | D83: =SUMIFS(Data!$J$2:$J$1001,Data!$N$2:$N$1001,$A83) -> 669 | E83: =IF(C83=0,0,B83*$B$3/C83) -> 137334.13 | F83: =B83/$B$88 -> 0.12314803
A84: Delhi | B84: =SUMIFS(Data!$L$2:$L$1001,Data!$N$2:$N$1001,$A84)/$B$3 -> 160.97079 | C84: =COUNTIFS(Data!$N$2:$N$1001,$A84) -> 125 | D84: =SUMIFS(Data!$J$2:$J$1001,Data!$N$2:$N$1001,$A84) -> 662 | E84: =IF(C84=0,0,B84*$B$3/C84) -> 128776.63 | F84: =B84/$B$88 -> 0.11547449
A85: Pune | B85: =SUMIFS(Data!$L$2:$L$1001,Data!$N$2:$N$1001,$A85)/$B$3 -> 145.13176 | C85: =COUNTIFS(Data!$N$2:$N$1001,$A85) -> 99 | D85: =SUMIFS(Data!$J$2:$J$1001,Data!$N$2:$N$1001,$A85) -> 552 | E85: =IF(C85=0,0,B85*$B$3/C85) -> 146597.74 | F85: =B85/$B$88 -> 0.10411215
A86: Gaya | B86: =SUMIFS(Data!$L$2:$L$1001,Data!$N$2:$N$1001,$A86)/$B$3 -> 143.80859 | C86: =COUNTIFS(Data!$N$2:$N$1001,$A86) -> 117 | D86: =SUMIFS(Data!$J$2:$J$1001,Data!$N$2:$N$1001,$A86) -> 609 | E86: =IF(C86=0,0,B86*$B$3/C86) -> 122913.33 | F86: =B86/$B$88 -> 0.10316296
A87: Unknown | B87: =SUMIFS(Data!$L$2:$L$1001,Data!$N$2:$N$1001,$A87)/$B$3 -> 15.406175 | C87: =COUNTIFS(Data!$N$2:$N$1001,$A87) -> 13 | D87: =SUMIFS(Data!$J$2:$J$1001,Data!$N$2:$N$1001,$A87) -> 65 | E87: =IF(C87=0,0,B87*$B$3/C87) -> 118509.04 | F87: =B87/$B$88 -> 0.01105182
A88: Total | B88: =SUM(B79:B87) -> 1393.9944 | C88: =SUM(C79:C87) -> 1000 | D88: =SUM(D79:D87) -> 5435 | E88: =IF(C88=0,0,B88*$B$3/C88) -> 139399.44 | F88: =B88/$B$88 -> 1
A91: Revenue by Age Group
A92: Age Group | B92: Revenue (₹ Lakh) | C92: Orders | D92: Units | E92: AOV (₹) | F92: Revenue Share
A93: 18-25 | B93: =SUMIFS(Data!$L$2:$L$1001,Data!$O$2:$O$1001,$A93)/$B$3 -> 222.84097 | C93: =COUNTIFS(Data!$O$2:$O$1001,$A93) -> 158 | D93: =SUMIFS(Data!$J$2:$J$1001,Data!$O$2:$O$1001,$A93) -> 861 | E93: =IF(C93=0,0,B93*$B$3/C93) -> 141038.59 | F93: =B93/$B$99 -> 0.15985787
A94: 26-35 | B94: =SUMIFS(Data!$L$2:$L$1001,Data!$O$2:$O$1001,$A94)/$B$3 -> 296.32337 | C94: =COUNTIFS(Data!$O$2:$O$1001,$A94) -> 219 | D94: =SUMIFS(Data!$J$2:$J$1001,Data!$O$2:$O$1001,$A94) -> 1223 | E94: =IF(C94=0,0,B94*$B$3/C94) -> 135307.47 | F94: =B94/$B$99 -> 0.21257142
A95: 36-45 | B95: =SUMIFS(Data!$L$2:$L$1001,Data!$O$2:$O$1001,$A95)/$B$3 -> 280.44649 | C95: =COUNTIFS(Data!$O$2:$O$1001,$A95) -> 203 | D95: =SUMIFS(Data!$J$2:$J$1001,Data!$O$2:$O$1001,$A95) -> 1089 | E95: =IF(C95=0,0,B95*$B$3/C95) -> 138150.98 | F95: =B95/$B$99 -> 0.20118194
A96: 46-55 | B96: =SUMIFS(Data!$L$2:$L$1001,Data!$O$2:$O$1001,$A96)/$B$3 -> 282.16509 | C96: =COUNTIFS(Data!$O$2:$O$1001,$A96) -> 202 | D96: =SUMIFS(Data!$J$2:$J$1001,Data!$O$2:$O$1001,$A96) -> 1066 | E96: =IF(C96=0,0,B96*$B$3/C96) -> 139685.69 | F96: =B96/$B$99 -> 0.20241479
A97: 56-65 | B97: =SUMIFS(Data!$L$2:$L$1001,Data!$O$2:$O$1001,$A97)/$B$3 -> 277.33251 | C97: =COUNTIFS(Data!$O$2:$O$1001,$A97) -> 198 | D97: =SUMIFS(Data!$J$2:$J$1001,Data!$O$2:$O$1001,$A97) -> 1051 | E97: =IF(C97=0,0,B97*$B$3/C97) -> 140066.93 | F97: =B97/$B$99 -> 0.19894808
A98: Unknown | B98: =SUMIFS(Data!$L$2:$L$1001,Data!$O$2:$O$1001,$A98)/$B$3 -> 34.885965 | C98: =COUNTIFS(Data!$O$2:$O$1001,$A98) -> 20 | D98: =SUMIFS(Data!$J$2:$J$1001,Data!$O$2:$O$1001,$A98) -> 145 | E98: =IF(C98=0,0,B98*$B$3/C98) -> 174429.82 | F98: =B98/$B$99 -> 0.0250259
A99: Total | B99: =SUM(B93:B98) -> 1393.9944 | C99: =SUM(C93:C98) -> 1000 | D99: =SUM(D93:D98) -> 5435 | E99: =IF(C99=0,0,B99*$B$3/C99) -> 139399.44 | F99: =B99/$B$99 -> 1
A102: Revenue by Gender
A103: Gender | B103: Revenue (₹ Lakh) | C103: Orders | D103: Units | E103: AOV (₹) | F103: Revenue Share
A104: Male | B104: =SUMIFS(Data!$L$2:$L$1001,Data!$F$2:$F$1001,$A104)/$B$3 -> 724.63551 | C104: =COUNTIFS(Data!$F$2:$F$1001,$A104) -> 511 | D104: =SUMIFS(Data!$J$2:$J$1001,Data!$F$2:$F$1001,$A104) -> 2796 | E104: =IF(C104=0,0,B104*$B$3/C104) -> 141807.34 | F104: =B104/$B$106 -> 0.5198267
A105: Female | B105: =SUMIFS(Data!$L$2:$L$1001,Data!$F$2:$F$1001,$A105)/$B$3 -> 669.35889 | C105: =COUNTIFS(Data!$F$2:$F$1001,$A105) -> 489 | D105: =SUMIFS(Data!$J$2:$J$1001,Data!$F$2:$F$1001,$A105) -> 2639 | E105: =IF(C105=0,0,B105*$B$3/C105) -> 136883.21 | F105: =B105/$B$106 -> 0.4801733
A106: Total | B106: =SUM(B104:B105) -> 1393.9944 | C106: =SUM(C104:C105) -> 1000 | D106: =SUM(D104:D105) -> 5435 | E106: =IF(C106=0,0,B106*$B$3/C106) -> 139399.44 | F106: =B106/$B$106 -> 1

Sheet Data
A1: Order_ID | B1: Order_Date | C1: Customer_ID | D1: Customer_Name | E1: Age | F1: Gender | G1: City | H1: Product | I1: Category | J1: Quantity | K1: Unit_Price | L1: Total_Sales | M1: Order_Month | N1: City_Clean | O1: Age_Group | P1: Cust_Order_Count | Q1: Cust_First_Flag
A2: ORD100002 | B2: 45713 | C2: CUST5529 | D2: Customer_227 | E2: 30 | F2: Female | G2: Bengaluru | H2: Rice | I2: Grocery | J2: 7 | K2: 2829.77 | L2: 19808.39 | M2: =DATE(YEAR(B2),MONTH(B2),1) -> 45689 | N2: =IF(G2="","Unknown",G2) -> Bengaluru | O2: =IF(E2="","Unknown",IF(E2<=25,"18-25",IF(E2<=35,"26-35",IF(E2<=45,"36-45",IF(E2<=55,"46-55","56-65"))))) -> 26-35 | P2: =COUNTIF($C$2:$C$1001,C2) -> 1 | Q2: =IF(COUNTIF($C$2:C2,C2)=1,1,0) -> 1
A3: ORD100003 | B3: 45944 | C3: CUST3127 | D3: Customer_182 | E3: 63 | F3: Male | G3: Bengaluru | H3: Book | I3: Education | J3: 5 | K3: 27906.16 | L3: 139530.8 | M3: =DATE(YEAR(B3),MONTH(B3),1) -> 45931 | N3: =IF(G3="","Unknown",G3) -> Bengaluru | O3: =IF(E3="","Unknown",IF(E3<=25,"18-25",IF(E3<=35,"26-35",IF(E3<=45,"36-45",IF(E3<=55,"46-55","56-65"))))) -> 56-65 | P3: =COUNTIF($C$2:$C$1001,C3) -> 1 | Q3: =IF(COUNTIF($C$2:C3,C3)=1,1,0) -> 1
A4: ORD100004 | B4: 45790 | C4: CUST8887 | D4: Customer_487 | E4: 62 | F4: Female | G4: Bengaluru | H4: Book | I4: Education | J4: 8 | K4: 37491.06 | L4: 299928.48 | M4: =DATE(YEAR(B4),MONTH(B4),1) -> 45778 | N4: =IF(G4="","Unknown",G4) -> Bengaluru | O4: =IF(E4="","Unknown",IF(E4<=25,"18-25",IF(E4<=35,"26-35",IF(E4<=45,"36-45",IF(E4<=55,"46-55","56-65"))))) -> 56-65 | P4: =COUNTIF($C$2:$C$1001,C4) -> 1 | Q4: =IF(COUNTIF($C$2:C4,C4)=1,1,0) -> 1
A5: ORD100005 | B5: 45993 | C5: CUST2515 | D5: Customer_470 | E5: 65 | F5: Female | G5: Kolkata | H5: Mobile | I5: Electronics | J5: 9 | K5: 28541.36 | L5: 256872.24 | M5: =DATE(YEAR(B5),MONTH(B5),1) -> 45992 | N5: =IF(G5="","Unknown",G5) -> Kolkata | O5: =IF(E5="","Unknown",IF(E5<=25,"18-25",IF(E5<=35,"26-35",IF(E5<=45,"36-45",IF(E5<=55,"46-55","56-65"))))) -> 56-65 | P5: =COUNTIF($C$2:$C$1001,C5) -> 3 | Q5: =IF(COUNTIF($C$2:C5,C5)=1,1,0) -> 1
A6: ORD100006 | B6: 45981 | C6: CUST4796 | D6: Customer_380 | E6: 44 | F6: Male | G6: Bengaluru | H6: Rice | I6: Grocery | J6: 10 | K6: 14036.59 | L6: 140365.9 | M6: =DATE(YEAR(B6),MONTH(B6),1) -> 45962 | N6: =IF(G6="","Unknown",G6) -> Bengaluru | O6: =IF(E6="","Unknown",IF(E6<=25,"18-25",IF(E6<=35,"26-35",IF(E6<=45,"36-45",IF(E6<=55,"46-55","56-65"))))) -> 36-45 | P6: =COUNTIF($C$2:$C$1001,C6) -> 1 | Q6: =IF(COUNTIF($C$2:C6,C6)=1,1,0) -> 1
A7: ORD100007 | B7: 46022 | C7: CUST3952 | D7: Customer_71 | E7: 40 | F7: Female | G7: Hyderabad | H7: Laptop | I7: Electronics | J7: 9 | K7: 35947.47 | L7: 323527.23 | M7: =DATE(YEAR(B7),MONTH(B7),1) -> 45992 | N7: =IF(G7="","Unknown",G7) -> Hyderabad | O7: =IF(E7="","Unknown",IF(E7<=25,"18-25",IF(E7<=35,"26-35",IF(E7<=45,"36-45",IF(E7<=55,"46-55","56-65"))))) -> 36-45 | P7: =COUNTIF($C$2:$C$1001,C7) -> 1 | Q7: =IF(COUNTIF($C$2:C7,C7)=1,1,0) -> 1
A8: ORD100008 | B8: 45944 | C8: CUST1758 | D8: Customer_335 | E8: 61 | F8: Male | G8: Patna | H8: Mobile | I8: Electronics | J8: 6 | K8: 49997.53 | L8: 299985.18 | M8: =DATE(YEAR(B8),MONTH(B8),1) -> 45931 | N8: =IF(G8="","Unknown",G8) -> Patna | O8: =IF(E8="","Unknown",IF(E8<=25,"18-25",IF(E8<=35,"26-35",IF(E8<=45,"36-45",IF(E8<=55,"46-55","56-65"))))) -> 56-65 | P8: =COUNTIF($C$2:$C$1001,C8) -> 1 | Q8: =IF(COUNTIF($C$2:C8,C8)=1,1,0) -> 1
A9: ORD100009 | B9: 45996 | C9: CUST9622 | D9: Customer_224 | E9: 35 | F9: Male | G9: Kolkata | H9: Laptop | I9: Electronics | J9: 3 | K9: 9488.83 | L9: 28466.49 | M9: =DATE(YEAR(B9),MONTH(B9),1) -> 45992 | N9: =IF(G9="","Unknown",G9) -> Kolkata | O9: =IF(E9="","Unknown",IF(E9<=25,"18-25",IF(E9<=35,"26-35",IF(E9<=45,"36-45",IF(E9<=55,"46-55","56-65"))))) -> 26-35 | P9: =COUNTIF($C$2:$C$1001,C9) -> 1 | Q9: =IF(COUNTIF($C$2:C9,C9)=1,1,0) -> 1
A10: ORD100010 | B10: 45982 | C10: CUST9770 | D10: Customer_494 | E10: 41 | F10: Female | G10: Mumbai | H10: Book | I10: Education | J10: 6 | K10: 19488.23 | L10: 116929.38 | M10: =DATE(YEAR(B10),MONTH(B10),1) -> 45962 | N10: =IF(G10="","Unknown",G10) -> Mumbai | O10: =IF(E10="","Unknown",IF(E10<=25,"18-25",IF(E10<=35,"26-35",IF(E10<=45,"36-45",IF(E10<=55,"46-55","56-65"))))) -> 36-45 | P10: =COUNTIF($C$2:$C$1001,C10) -> 1 | Q10: =IF(COUNTIF($C$2:C10,C10)=1,1,0) -> 1
A11: ORD100011 | B11: 45763 | C11: CUST1312 | D11: Customer_40 | E11: 30 | F11: Male | G11: Kolkata | H11: Mobile | I11: Electronics | J11: 8 | K11: 18024.34 | L11: 144194.72 | M11: =DATE(YEAR(B11),MONTH(B11),1) -> 45748 | N11: =IF(G11="","Unknown",G11) -> Kolkata | O11: =IF(E11="","Unknown",IF(E11<=25,"18-25",IF(E11<=35,"26-35",IF(E11<=45,"36-45",IF(E11<=55,"46-55","56-65"))))) -> 26-35 | P11: =COUNTIF($C$2:$C$1001,C11) -> 1 | Q11: =IF(COUNTIF($C$2:C11,C11)=1,1,0) -> 1
A12: ORD100012 | B12: 45782 | C12: CUST9642 | D12: Customer_162 | E12: 51 | F12: Male | G12: Delhi | H12: Shoes | I12: Fashion | J12: 3 | K12: 14151.42 | L12: 42454.26 | M12: =DATE(YEAR(B12),MONTH(B12),1) -> 45778 | N12: =IF(G12="","Unknown",G12) -> Delhi | O12: =IF(E12="","Unknown",IF(E12<=25,"18-25",IF(E12<=35,"26-35",IF(E12<=45,"36-45",IF(E12<=55,"46-55","56-65"))))) -> 46-55 | P12: =COUNTIF($C$2:$C$1001,C12) -> 1 | Q12: =IF(COUNTIF($C$2:C12,C12)=1,1,0) -> 1
A13: ORD100013 | B13: 45779 | C13: CUST3228 | D13: Customer_209 | E13: 55 | F13: Female | G13: Patna | H13: Chair | I13: Furniture | J13: 6 | K13: 47175.43 | L13: 283052.58 | M13: =DATE(YEAR(B13),MONTH(B13),1) -> 45778 | N13: =IF(G13="","Unknown",G13) -> Patna | O13: =IF(E13="","Unknown",IF(E13<=25,"18-25",IF(E13<=35,"26-35",IF(E13<=45,"36-45",IF(E13<=55,"46-55","56-65"))))) -> 46-55 | P13: =COUNTIF($C$2:$C$1001,C13) -> 1 | Q13: =IF(COUNTIF($C$2:C13,C13)=1,1,0) -> 1
... A49: ORD100049 | B49: 45955 | C49: CUST2705 | D49: Customer_117 | E49: 55 | F49: Male | G49: Kolkata | H49: Mobile | I49: Electronics | J49: 5 | K49: 24854.05 | L49: 124270.25 | M49: =DATE(YEAR(B49),MONTH(B49),1) -> 45931 | N49: =IF(G49="","Unknown",G49) -> Kolkata | O49: =IF(E49="","Unknown",IF(E49<=25,"18-25",IF(E49<=35,"26-35",IF(E49<=45,"36-45",IF(E49<=55,"46-55","56-65"))))) -> 46-55 | P49: =COUNTIF($C$2:$C$1001,C49) -> 1 | Q49: =IF(COUNTIF($C$2:C49,C49)=1,1,0) -> 1
A50: ORD100050 | B50: 45933 | C50: CUST5523 | D50: Customer_432 | F50: Male | G50: Pune | H50: Chair | I50: Furniture | J50: 9 | K50: 30834.87 | L50: 277513.83 | M50: =DATE(YEAR(B50),MONTH(B50),1) -> 45931 | N50: =IF(G50="","Unknown",G50) -> Pune | O50: =IF(E50="","Unknown",IF(E50<=25,"18-25",IF(E50<=35,"26-35",IF(E50<=45,"36-45",IF(E50<=55,"46-55","56-65"))))) -> Unknown | P50: =COUNTIF($C$2:$C$1001,C50) -> 1 | Q50: =IF(COUNTIF($C$2:C50,C50)=1,1,0) -> 1
A51: ORD100051 | B51: 45715 | C51: CUST1557 | D51: Customer_87 | E51: 39 | F51: Female | G51: Mumbai | H51: Chair | I51: Furniture | J51: 6 | K51: 20561.97 | L51: 123371.82 | M51: =DATE(YEAR(B51),MONTH(B51),1) -> 45689 | N51: =IF(G51="","Unknown",G51) -> Mumbai | O51: =IF(E51="","Unknown",IF(E51<=25,"18-25",IF(E51<=35,"26-35",IF(E51<=45,"36-45",IF(E51<=55,"46-55","56-65"))))) -> 36-45 | P51: =COUNTIF($C$2:$C$1001,C51) -> 1 | Q51: =IF(COUNTIF($C$2:C51,C51)=1,1,0) -> 1
A52: ORD100052 | B52: 45909 | C52: CUST2062 | D52: Customer_254 | E52: 58 | F52: Male | G52: Patna | H52: Book | I52: Education | J52: 10 | K52: 49367.75 | L52: 493677.5 | M52: =DATE(YEAR(B52),MONTH(B52),1) -> 45901 | N52: =IF(G52="","Unknown",G52) -> Patna | O52: =IF(E52="","Unknown",IF(E52<=25,"18-25",IF(E52<=35,"26-35",IF(E52<=45,"36-45",IF(E52<=55,"46-55","56-65"))))) -> 56-65 | P52: =COUNTIF($C$2:$C$1001,C52) -> 1 | Q52: =IF(COUNTIF($C$2:C52,C52)=1,1,0) -> 1
A53: ORD100053 | B53: 45816 | C53: CUST9203 | D53: Customer_70 | E53: 33 | F53: Male | G53: Delhi | H53: Laptop | I53: Electronics | J53: 6 | K53: 4656.1 | L53: 27936.6 | M53: =DATE(YEAR(B53),MONTH(B53),1) -> 45809 | N53: =IF(G53="","Unknown",G53) -> Delhi | O53: =IF(E53="","Unknown",IF(E53<=25,"18-25",IF(E53<=35,"26-35",IF(E53<=45,"36-45",IF(E53<=55,"46-55","56-65"))))) -> 26-35 | P53: =COUNTIF($C$2:$C$1001,C53) -> 1 | Q53: =IF(COUNTIF($C$2:C53,C53)=1,1,0) -> 1
A54: ORD100054 | B54: 45845 | C54: CUST8053 | D54: Customer_408 | E54: 58 | F54: Male | G54: Delhi | H54: Rice | I54: Grocery | J54: 7 | K54: 42345.82 | L54: 296420.74 | M54: =DATE(YEAR(B54),MONTH(B54),1) -> 45839 | N54: =IF(G54="","Unknown",G54) -> Delhi | O54: =IF(E54="","Unknown",IF(E54<=25,"18-25",IF(E54<=35,"26-35",IF(E54<=45,"36-45",IF(E54<=55,"46-55","56-65"))))) -> 56-65 | P54: =COUNTIF($C$2:$C$1001,C54) -> 2 | Q54: =IF(COUNTIF($C$2:C54,C54)=1,1,0) -> 1
A55: ORD100055 | B55: 45763 | C55: CUST1017 | D55: Customer_387 | E55: 42 | F55: Female | G55: Pune | H55: Shoes | I55: Fashion | J55: 7 | K55: 37747.24 | L55: 264230.68 | M55: =DATE(YEAR(B55),MONTH(B55),1) -> 45748 | N55: =IF(G55="","Unknown",G55) -> Pune | O55: =IF(E55="","Unknown",IF(E55<=25,"18-25",IF(E55<=35,"26-35",IF(E55<=45,"36-45",IF(E55<=55,"46-55","56-65"))))) -> 36-45 | P55: =COUNTIF($C$2:$C$1001,C55) -> 1 | Q55: =IF(COUNTIF($C$2:C55,C55)=1,1,0) -> 1
A56: ORD100056 | B56: 45977 | C56: CUST2690 | D56: Customer_11 | E56: 26 | F56: Male | G56: Delhi | H56: Book | I56: Education | J56: 2 | K56: 33304.17 | L56: 66608.34 | M56: =DATE(YEAR(B56),MONTH(B56),1) -> 45962 | N56: =IF(G56="","Unknown",G56) -> Delhi | O56: =IF(E56="","Unknown",IF(E56<=25,"18-25",IF(E56<=35,"26-35",IF(E56<=45,"36-45",IF(E56<=55,"46-55","56-65"))))) -> 26-35 | P56: =COUNTIF($C$2:$C$1001,C56) -> 1 | Q56: =IF(COUNTIF($C$2:C56,C56)=1,1,0) -> 1
A57: ORD100057 | B57: 45998 | C57: CUST2791 | D57: Customer_20 | E57: 58 | F57: Female | G57: Bengaluru | H57: Laptop | I57: Electronics | J57: 6 | K57: 41157.44 | L57: 246944.64 | M57: =DATE(YEAR(B57),MONTH(B57),1) -> 45992 | N57: =IF(G57="","Unknown",G57) -> Bengaluru | O57: =IF(E57="","Unknown",IF(E57<=25,"18-25",IF(E57<=35,"26-35",IF(E57<=45,"36-45",IF(E57<=55,"46-55","56-65"))))) -> 56-65 | P57: =COUNTIF($C$2:$C$1001,C57) -> 1 | Q57: =IF(COUNTIF($C$2:C57,C57)=1,1,0) -> 1
A58: ORD100058 | B58: 45728 | C58: CUST4496 | D58: Customer_53 | E58: 18 | F58: Female | G58: Bengaluru | H58: Chair | I58: Furniture | J58: 7 | K58: 47669.63 | L58: 333687.41 | M58: =DATE(YEAR(B58),MONTH(B58),1) -> 45717 | N58: =IF(G58="","Unknown",G58) -> Bengaluru | O58: =IF(E58="","Unknown",IF(E58<=25,"18-25",IF(E58<=35,"26-35",IF(E58<=45,"36-45",IF(E58<=55,"46-55","56-65"))))) -> 18-25 | P58: =COUNTIF($C$2:$C$1001,C58) -> 1 | Q58: =IF(COUNTIF($C$2:C58,C58)=1,1,0) -> 1
A59: ORD100059 | B59: 46003 | C59: CUST8811 | D59: Customer_115 | E59: 50 | F59: Female | G59: Bengaluru | H59: Chair | I59: Furniture | J59: 1 | K59: 44708.5 | L59: 44708.5 | M59: =DATE(YEAR(B59),MONTH(B59),1) -> 45992 | N59: =IF(G59="","Unknown",G59) -> Bengaluru | O59: =IF(E59="","Unknown",IF(E59<=25,"18-25",IF(E59<=35,"26-35",IF(E59<=45,"36-45",IF(E59<=55,"46-55","56-65"))))) -> 46-55 | P59: =COUNTIF($C$2:$C$1001,C59) -> 1 | Q59: =IF(COUNTIF($C$2:C59,C59)=1,1,0) -> 1
A60: ORD100060 | B60: 45672 | C60: CUST2411 | D60: Customer_292 | E60: 47 | F60: Female | G60: Mumbai | H60: Mobile | I60: Electronics | J60: 5 | K60: 36809.08 | L60: 184045.4 | M60: =DATE(YEAR(B60),MONTH(B60),1) -> 45658 | N60: =IF(G60="","Unknown",G60) -> Mumbai | O60: =IF(E60="","Unknown",IF(E60<=25,"18-25",IF(E60<=35,"26-35",IF(E60<=45,"36-45",IF(E60<=55,"46-55","56-65"))))) -> 46-55 | P60: =COUNTIF($C$2:$C$1001,C60) -> 1 | Q60: =IF(COUNTIF($C$2:C60,C60)=1,1,0) -> 1
A61: ORD100061 | B61: 45969 | C61: CUST2350 | D61: Customer_205 | E61: 46 | F61: Male | G61: Pune | H61: Mobile | I61: Electronics | J61: 4 | K61: 25292.97 | L61: 101171.88 | M61: =DATE(YEAR(B61),MONTH(B61),1) -> 45962 | N61: =IF(G61="","Unknown",G61) -> Pune | O61: =IF(E61="","Unknown",IF(E61<=25,"18-25",IF(E61<=35,"26-35",IF(E61<=45,"36-45",IF(E61<=55,"46-55","56-65"))))) -> 46-55 | P61: =COUNTIF($C$2:$C$1001,C61) -> 1 | Q61: =IF(COUNTIF($C$2:C61,C61)=1,1,0) -> 1
A62: ORD100062 | B62: 45844 | C62: CUST9745 | D62: Customer_48 | E62: 27 | F62: Male | G62: Mumbai | H62: Shoes | I62: Fashion | J62: 1 | K62: 29263.26 | L62: 29263.26 | M62: =DATE(YEAR(B62),MONTH(B62),1) -> 45839 | N62: =IF(G62="","Unknown",G62) -> Mumbai | O62: =IF(E62="","Unknown",IF(E62<=25,"18-25",IF(E62<=35,"26-35",IF(E62<=45,"36-45",IF(E62<=55,"46-55","56-65"))))) -> 26-35 | P62: =COUNTIF($C$2:$C$1001,C62) -> 1 | Q62: =IF(COUNTIF($C$2:C62,C62)=1,1,0) -> 1
... A74: ORD100074 | B74: 45995 | C74: CUST7587 | D74: Customer_223 | E74: 27 | F74: Male | G74: Pune | H74: Laptop | I74: Electronics | J74: 9 | K74: 45419.62 | L74: 408776.58 | M74: =DATE(YEAR(B74),MONTH(B74),1) -> 45992 | N74: =IF(G74="","Unknown",G74) -> Pune | O74: =IF(E74="","Unknown",IF(E74<=25,"18-25",IF(E74<=35,"26-35",IF(E74<=45,"36-45",IF(E74<=55,"46-55","56-65"))))) -> 26-35 | P74: =COUNTIF($C$2:$C$1001,C74) -> 1 | Q74: =IF(COUNTIF($C$2:C74,C74)=1,1,0) -> 1
A75: ORD100075 | B75: 45746 | C75: CUST2157 | D75: Customer_31 | E75: 58 | F75: Male | H75: Mobile | I75: Electronics | J75: 4 | K75: 21599.26 | L75: 86397.04 | M75: =DATE(YEAR(B75),MONTH(B75),1) -> 45717 | N75: =IF(G75="","Unknown",G75) -> Unknown | O75: =IF(E75="","Unknown",IF(E75<=25,"18-25",IF(E75<=35,"26-35",IF(E75<=45,"36-45",IF(E75<=55,"46-55","56-65"))))) -> 56-65 | P75: =COUNTIF($C$2:$C$1001,C75) -> 1 | Q75: =IF(COUNTIF($C$2:C75,C75)=1,1,0) -> 1
A76: ORD100076 | B76: 46021 | C76: CUST8430 | D76: Customer_277 | E76: 45 | F76: Male | G76: Gaya | H76: Laptop | I76: Electronics | J76: 2 | K76: 8883.45 | L76: 17766.9 | M76: =DATE(YEAR(B76),MONTH(B76),1) -> 45992 | N76: =IF(G76="","Unknown",G76) -> Gaya | O76: =IF(E76="","Unknown",IF(E76<=25,"18-25",IF(E76<=35,"26-35",IF(E76<=45,"36-45",IF(E76<=55,"46-55","56-65"))))) -> 36-45 | P76: =COUNTIF($C$2:$C$1001,C76) -> 1 | Q76: =IF(COUNTIF($C$2:C76,C76)=1,1,0) -> 1
A77: ORD100077 | B77: 46018 | C77: CUST1956 | D77: Customer_317 | E77: 22 | F77: Female | G77: Bengaluru | H77: Shoes | I77: Fashion | J77: 9 | K77: 12290.45 | L77: 110614.05 | M77: =DATE(YEAR(B77),MONTH(B77),1) -> 45992 | N77: =IF(G77="","Unknown",G77) -> Bengaluru | O77: =IF(E77="","Unknown",IF(E77<=25,"18-25",IF(E77<=35,"26-35",IF(E77<=45,"36-45",IF(E77<=55,"46-55","56-65"))))) -> 18-25 | P77: =COUNTIF($C$2:$C$1001,C77) -> 1 | Q77: =IF(COUNTIF($C$2:C77,C77)=1,1,0) -> 1
A78: ORD100078 | B78: 45761 | C78: CUST9846 | D78: Customer_298 | E78: 58 | F78: Female | G78: Patna | H78: Book | I78: Education | J78: 6 | K78: 10784.64 | L78: 64707.84 | M78: =DATE(YEAR(B78),MONTH(B78),1) -> 45748 | N78: =IF(G78="","Unknown",G78) -> Patna | O78: =IF(E78="","Unknown",IF(E78<=25,"18-25",IF(E78<=35,"26-35",IF(E78<=45,"36-45",IF(E78<=55,"46-55","56-65"))))) -> 56-65 | P78: =COUNTIF($C$2:$C$1001,C78) -> 1 | Q78: =IF(COUNTIF($C$2:C78,C78)=1,1,0) -> 1
A79: ORD100079 | B79: 46023 | C79: CUST4706 | D79: Customer_34 | E79: 62 | F79: Female | G79: Delhi | H79: Rice | I79: Grocery | J79: 1 | K79: 35862.34 | L79: 35862.34 | M79: =DATE(YEAR(B79),MONTH(B79),1) -> 46023 | N79: =IF(G79="","Unknown",G79) -> Delhi | O79: =IF(E79="","Unknown",IF(E79<=25,"18-25",IF(E79<=35,"26-35",IF(E79<=45,"36-45",IF(E79<=55,"46-55","56-65"))))) -> 56-65 | P79: =COUNTIF($C$2:$C$1001,C79) -> 2 | Q79: =IF(COUNTIF($C$2:C79,C79)=1,1,0) -> 1
A80: ORD100080 | B80: 45890 | C80: CUST5607 | D80: Customer_265 | E80: 61 | F80: Female | G80: Gaya | H80: Rice | I80: Grocery | J80: 1 | K80: 13129.64 | L80: 13129.64 | M80: =DATE(YEAR(B80),MONTH(B80),1) -> 45870 | N80: =IF(G80="","Unknown",G80) -> Gaya | O80: =IF(E80="","Unknown",IF(E80<=25,"18-25",IF(E80<=35,"26-35",IF(E80<=45,"36-45",IF(E80<=55,"46-55","56-65"))))) -> 56-65 | P80: =COUNTIF($C$2:$C$1001,C80) -> 1 | Q80: =IF(COUNTIF($C$2:C80,C80)=1,1,0) -> 1
A81: ORD100081 | B81: 45721 | C81: CUST8211 | D81: Customer_62 | E81: 19 | F81: Female | G81: Gaya | H81: Chair | I81: Furniture | J81: 9 | K81: 45747.37 | L81: 411726.33 | M81: =DATE(YEAR(B81),MONTH(B81),1) -> 45717 | N81: =IF(G81="","Unknown",G81) -> Gaya | O81: =IF(E81="","Unknown",IF(E81<=25,"18-25",IF(E81<=35,"26-35",IF(E81<=45,"36-45",IF(E81<=55,"46-55","56-65"))))) -> 18-25 | P81: =COUNTIF($C$2:$C$1001,C81) -> 1 | Q81: =IF(COUNTIF($C$2:C81,C81)=1,1,0) -> 1
A82: ORD100082 | B82: 45901 | C82: CUST5367 | D82: Customer_499 | E82: 25 | F82: Female | G82: Hyderabad | H82: Book | I82: Education | J82: 6 | K82: 5849.89 | L82: 35099.34 | M82: =DATE(YEAR(B82),MONTH(B82),1) -> 45901 | N82: =IF(G82="","Unknown",G82) -> Hyderabad | O82: =IF(E82="","Unknown",IF(E82<=25,"18-25",IF(E82<=35,"26-35",IF(E82<=45,"36-45",IF(E82<=55,"46-55","56-65"))))) -> 18-25 | P82: =COUNTIF($C$2:$C$1001,C82) -> 1 | Q82: =IF(COUNTIF($C$2:C82,C82)=1,1,0) -> 1
A83: ORD100083 | B83: 45663 | C83: CUST8346 | D83: Customer_384 | E83: 30 | F83: Male | G83: Hyderabad | H83: Laptop | I83: Electronics | J83: 9 | K83: 48845.5 | L83: 439609.5 | M83: =DATE(YEAR(B83),MONTH(B83),1) -> 45658 | N83: =IF(G83="","Unknown",G83) -> Hyderabad | O83: =IF(E83="","Unknown",IF(E83<=25,"18-25",IF(E83<=35,"26-35",IF(E83<=45,"36-45",IF(E83<=55,"46-55","56-65"))))) -> 26-35 | P83: =COUNTIF($C$2:$C$1001,C83) -> 1 | Q83: =IF(COUNTIF($C$2:C83,C83)=1,1,0) -> 1
A84: ORD100084 | B84: 45954 | C84: CUST7484 | D84: Customer_478 | E84: 36 | F84: Male | G84: Gaya | H84: Book | I84: Education | J84: 9 | K84: 24828.05 | L84: 223452.45 | M84: =DATE(YEAR(B84),MONTH(B84),1) -> 45931 | N84: =IF(G84="","Unknown",G84) -> Gaya | O84: =IF(E84="","Unknown",IF(E84<=25,"18-25",IF(E84<=35,"26-35",IF(E84<=45,"36-45",IF(E84<=55,"46-55","56-65"))))) -> 36-45 | P84: =COUNTIF($C$2:$C$1001,C84) -> 1 | Q84: =IF(COUNTIF($C$2:C84,C84)=1,1,0) -> 1
A85: ORD100085 | B85: 45723 | C85: CUST7911 | D85: Customer_7 | E85: 59 | F85: Male | G85: Delhi | H85: Mobile | I85: Electronics | J85: 8 | K85: 17841.4 | L85: 142731.2 | M85: =DATE(YEAR(B85),MONTH(B85),1) -> 45717 | N85: =IF(G85="","Unknown",G85) -> Delhi | O85: =IF(E85="","Unknown",IF(E85<=25,"18-25",IF(E85<=35,"26-35",IF(E85<=45,"36-45",IF(E85<=55,"46-55","56-65"))))) -> 56-65 | P85: =COUNTIF($C$2:$C$1001,C85) -> 1 | Q85: =IF(COUNTIF($C$2:C85,C85)=1,1,0) -> 1
A86: ORD100086 | B86: 45893 | C86: CUST4229 | D86: Customer_234 | E86: 51 | F86: Male | G86: Hyderabad | H86: Book | I86: Education | J86: 10 | K86: 13662.66 | L86: 136626.6 | M86: =DATE(YEAR(B86),MONTH(B86),1) -> 45870 | N86: =IF(G86="","Unknown",G86) -> Hyderabad | O86: =IF(E86="","Unknown",IF(E86<=25,"18-25",IF(E86<=35,"26-35",IF(E86<=45,"36-45",IF(E86<=55,"46-55","56-65"))))) -> 46-55 | P86: =COUNTIF($C$2:$C$1001,C86) -> 1 | Q86: =IF(COUNTIF($C$2:C86,C86)=1,1,0) -> 1
A87: ORD100087 | B87: 45733 | C87: CUST2290 | D87: Customer_195 | E87: 56 | F87: Male | G87: Mumbai | H87: Book | I87: Education | J87: 4 | K87: 12169.49 | L87: 48677.96 | M87: =DATE(YEAR(B87),MONTH(B87),1) -> 45717 | N87: =IF(G87="","Unknown",G87) -> Mumbai | O87: =IF(E87="","Unknown",IF(E87<=25,"18-25",IF(E87<=35,"26-35",IF(E87<=45,"36-45",IF(E87<=55,"46-55","56-65"))))) -> 56-65 | P87: =COUNTIF($C$2:$C$1001,C87) -> 1 | Q87: =IF(COUNTIF($C$2:C87,C87)=1,1,0) -> 1
... A99: ORD100099 | B99: 45701 | C99: CUST5232 | D99: Customer_395 | E99: 54 | F99: Male | G99: Gaya | H99: Mobile | I99: Electronics | J99: 2 | K99: 31217.12 | L99: 62434.24 | M99: =DATE(YEAR(B99),MONTH(B99),1) -> 45689 | N99: =IF(G99="","Unknown",G99) -> Gaya | O99: =IF(E99="","Unknown",IF(E99<=25,"18-25",IF(E99<=35,"26-35",IF(E99<=45,"36-45",IF(E99<=55,"46-55","56-65"))))) -> 46-55 | P99: =COUNTIF($C$2:$C$1001,C99) -> 1 | Q99: =IF(COUNTIF($C$2:C99,C99)=1,1,0) -> 1
A100: ORD100100 | B100: 45963 | C100: CUST7462 | D100: Customer_379 | F100: Male | G100: Patna | H100: Laptop | I100: Electronics | J100: 5 | K100: 553.62 | L100: 2768.1 | M100: =DATE(YEAR(B100),MONTH(B100),1) -> 45962 | N100: =IF(G100="","Unknown",G100) -> Patna | O100: =IF(E100="","Unknown",IF(E100<=25,"18-25",IF(E100<=35,"26-35",IF(E100<=45,"36-45",IF(E100<=55,"46-55","56-65"))))) -> Unknown | P100: =COUNTIF($C$2:$C$1001,C100) -> 1 | Q100: =IF(COUNTIF($C$2:C100,C100)=1,1,0) -> 1
A101: ORD100101 | B101: 45935 | C101: CUST7588 | D101: Customer_67 | E101: 47 | F101: Male | G101: Pune | H101: Rice | I101: Grocery | J101: 4 | K101: 6974.66 | L101: 27898.64 | M101: =DATE(YEAR(B101),MONTH(B101),1) -> 45931 | N101: =IF(G101="","Unknown",G101) -> Pune | O101: =IF(E101="","Unknown",IF(E101<=25,"18-25",IF(E101<=35,"26-35",IF(E101<=45,"36-45",IF(E101<=55,"46-55","56-65"))))) -> 46-55 | P101: =COUNTIF($C$2:$C$1001,C101) -> 1 | Q101: =IF(COUNTIF($C$2:C101,C101)=1,1,0) -> 1
A102: ORD100102 | B102: 46010 | C102: CUST5005 | D102: Customer_176 | E102: 20 | F102: Female | G102: Kolkata | H102: Book | I102: Education | J102: 9 | K102: 19437.88 | L102: 174940.92 | M102: =DATE(YEAR(B102),MONTH(B102),1) -> 45992 | N102: =IF(G102="","Unknown",G102) -> Kolkata | O102: =IF(E102="","Unknown",IF(E102<=25,"18-25",IF(E102<=35,"26-35",IF(E102<=45,"36-45",IF(E102<=55,"46-55","56-65"))))) -> 18-25 | P102: =COUNTIF($C$2:$C$1001,C102) -> 1 | Q102: =IF(COUNTIF($C$2:C102,C102)=1,1,0) -> 1
A103: ORD100103 | B103: 45671 | C103: CUST3210 | D103: Customer_15 | E103: 43 | F103: Female | G103: Mumbai | H103: Laptop | I103: Electronics | J103: 9 | K103: 13617.93 | L103: 122561.37 | M103: =DATE(YEAR(B103),MONTH(B103),1) -> 45658 | N103: =IF(G103="","Unknown",G103) -> Mumbai | O103: =IF(E103="","Unknown",IF(E103<=25,"18-25",IF(E103<=35,"26-35",IF(E103<=45,"36-45",IF(E103<=55,"46-55","56-65"))))) -> 36-45 | P103: =COUNTIF($C$2:$C$1001,C103) -> 1 | Q103: =IF(COUNTIF($C$2:C103,C103)=1,1,0) -> 1
A104: ORD100104 | B104: 46003 | C104: CUST5926 | D104: Customer_308 | E104: 54 | F104: Male | G104: Gaya | H104: Chair | I104: Furniture | J104: 8 | K104: 38897.58 | L104: 311180.64 | M104: =DATE(YEAR(B104),MONTH(B104),1) -> 45992 | N104: =IF(G104="","Unknown",G104) -> Gaya | O104: =IF(E104="","Unknown",IF(E104<=25,"18-25",IF(E104<=35,"26-35",IF(E104<=45,"36-45",IF(E104<=55,"46-55","56-65"))))) -> 46-55 | P104: =COUNTIF($C$2:$C$1001,C104) -> 1 | Q104: =IF(COUNTIF($C$2:C104,C104)=1,1,0) -> 1
A105: ORD100105 | B105: 45984 | C105: CUST3809 | D105: Customer_394 | E105: 44 | F105: Female | G105: Gaya | H105: Book | I105: Education | J105: 6 | K105: 8547.07 | L105: 51282.42 | M105: =DATE(YEAR(B105),MONTH(B105),1) -> 45962 | N105: =IF(G105="","Unknown",G105) -> Gaya | O105: =IF(E105="","Unknown",IF(E105<=25,"18-25",IF(E105<=35,"26-35",IF(E105<=45,"36-45",IF(E105<=55,"46-55","56-65"))))) -> 36-45 | P105: =COUNTIF($C$2:$C$1001,C105) -> 1 | Q105: =IF(COUNTIF($C$2:C105,C105)=1,1,0) -> 1
A106: ORD100106 | B106: 45956 | C106: CUST2079 | D106: Customer_35 | E106: 44 | F106: Male | G106: Mumbai | H106: Chair | I106: Furniture | J106: 7 | K106: 46263.01 | L106: 323841.07 | M106: =DATE(YEAR(B106),MONTH(B106),1) -> 45931 | N106: =IF(G106="","Unknown",G106) -> Mumbai | O106: =IF(E106="","Unknown",IF(E106<=25,"18-25",IF(E106<=35,"26-35",IF(E106<=45,"36-45",IF(E106<=55,"46-55","56-65"))))) -> 36-45 | P106: =COUNTIF($C$2:$C$1001,C106) -> 1 | Q106: =IF(COUNTIF($C$2:C106,C106)=1,1,0) -> 1
A107: ORD100107 | B107: 45878 | C107: CUST4881 | D107: Customer_389 | E107: 32 | F107: Male | G107: Patna | H107: Book | I107: Education | J107: 2 | K107: 2814.55 | L107: 5629.1 | M107: =DATE(YEAR(B107),MONTH(B107),1) -> 45870 | N107: =IF(G107="","Unknown",G107) -> Patna | O107: =IF(E107="","Unknown",IF(E107<=25,"18-25",IF(E107<=35,"26-35",IF(E107<=45,"36-45",IF(E107<=55,"46-55","56-65"))))) -> 26-35 | P107: =COUNTIF($C$2:$C$1001,C107) -> 1 | Q107: =IF(COUNTIF($C$2:C107,C107)=1,1,0) -> 1
A108: ORD100108 | B108: 45736 | C108: CUST6707 | D108: Customer_420 | E108: 33 | F108: Male | G108: Pune | H108: Mobile | I108: Electronics | J108: 8 | K108: 41112.05 | L108: 328896.4 | M108: =DATE(YEAR(B108),MONTH(B108),1) -> 45717 | N108: =IF(G108="","Unknown",G108) -> Pune | O108: =IF(E108="","Unknown",IF(E108<=25,"18-25",IF(E108<=35,"26-35",IF(E108<=45,"36-45",IF(E108<=55,"46-55","56-65"))))) -> 26-35 | P108: =COUNTIF($C$2:$C$1001,C108) -> 1 | Q108: =IF(COUNTIF($C$2:C108,C108)=1,1,0) -> 1
A109: ORD100109 | B109: 45918 | C109: CUST2796 | D109: Customer_471 | E109: 29 | F109: Male | G109: Patna | H109: Book | I109: Education | J109: 4 | K109: 36826.88 | L109: 147307.52 | M109: =DATE(YEAR(B109),MONTH(B109),1) -> 45901 | N109: =IF(G109="","Unknown",G109) -> Patna | O109: =IF(E109="","Unknown",IF(E109<=25,"18-25",IF(E109<=35,"26-35",IF(E109<=45,"36-45",IF(E109<=55,"46-55","56-65"))))) -> 26-35 | P109: =COUNTIF($C$2:$C$1001,C109) -> 1 | Q109: =IF(COUNTIF($C$2:C109,C109)=1,1,0) -> 1
A110: ORD100110 | B110: 45945 | C110: CUST5524 | D110: Customer_154 | E110: 44 | F110: Male | G110: Hyderabad | H110: Chair | I110: Furniture | J110: 3 | K110: 42806.52 | L110: 128419.56 | M110: =DATE(YEAR(B110),MONTH(B110),1) -> 45931 | N110: =IF(G110="","Unknown",G110) -> Hyderabad | O110: =IF(E110="","Unknown",IF(E110<=25,"18-25",IF(E110<=35,"26-35",IF(E110<=45,"36-45",IF(E110<=55,"46-55","56-65"))))) -> 36-45 | P110: =COUNTIF($C$2:$C$1001,C110) -> 1 | Q110: =IF(COUNTIF($C$2:C110,C110)=1,1,0) -> 1
A111: ORD100111 | B111: 45904 | C111: CUST9882 | D111: Customer_103 | E111: 28 | F111: Female | G111: Kolkata | H111: Laptop | I111: Electronics | J111: 6 | K111: 5533 | L111: 33198 | M111: =DATE(YEAR(B111),MONTH(B111),1) -> 45901 | N111: =IF(G111="","Unknown",G111) -> Kolkata | O111: =IF(E111="","Unknown",IF(E111<=25,"18-25",IF(E111<=35,"26-35",IF(E111<=45,"36-45",IF(E111<=55,"46-55","56-65"))))) -> 26-35 | P111: =COUNTIF($C$2:$C$1001,C111) -> 1 | Q111: =IF(COUNTIF($C$2:C111,C111)=1,1,0) -> 1
A112: ORD100112 | B112: 45717 | C112: CUST3001 | D112: Customer_341 | E112: 32 | F112: Male | G112: Gaya | H112: Laptop | I112: Electronics | J112: 3 | K112: 2638.97 | L112: 7916.91 | M112: =DATE(YEAR(B112),MONTH(B112),1) -> 45717 | N112: =IF(G112="","Unknown",G112) -> Gaya | O112: =IF(E112="","Unknown",IF(E112<=25,"18-25",IF(E112<=35,"26-35",IF(E112<=45,"36-45",IF(E112<=55,"46-55","56-65"))))) -> 26-35 | P112: =COUNTIF($C$2:$C$1001,C112) -> 2 | Q112: =IF(COUNTIF($C$2:C112,C112)=1,1,0) -> 1
... A149: ORD100149 | B149: 45917 | C149: CUST7178 | D149: Customer_478 | E149: 64 | F149: Male | G149: Bengaluru | H149: Chair | I149: Furniture | J149: 2 | K149: 8092.78 | L149: 16185.56 | M149: =DATE(YEAR(B149),MONTH(B149),1) -> 45901 | N149: =IF(G149="","Unknown",G149) -> Bengaluru | O149: =IF(E149="","Unknown",IF(E149<=25,"18-25",IF(E149<=35,"26-35",IF(E149<=45,"36-45",IF(E149<=55,"46-55","56-65"))))) -> 56-65 | P149: =COUNTIF($C$2:$C$1001,C149) -> 1 | Q149: =IF(COUNTIF($C$2:C149,C149)=1,1,0) -> 1
A150: ORD100150 | B150: 45748 | C150: CUST4132 | D150: Customer_47 | F150: Female | H150: Chair | I150: Furniture | J150: 4 | K150: 1973.64 | L150: 7894.56 | M150: =DATE(YEAR(B150),MONTH(B150),1) -> 45748 | N150: =IF(G150="","Unknown",G150) -> Unknown | O150: =IF(E150="","Unknown",IF(E150<=25,"18-25",IF(E150<=35,"26-35",IF(E150<=45,"36-45",IF(E150<=55,"46-55","56-65"))))) -> Unknown | P150: =COUNTIF($C$2:$C$1001,C150) -> 1 | Q150: =IF(COUNTIF($C$2:C150,C150)=1,1,0) -> 1
A151: ORD100151 | B151: 45913 | C151: CUST4829 | D151: Customer_202 | E151: 19 | F151: Female | G151: Mumbai | H151: Shoes | I151: Fashion | J151: 8 | K151: 41749.55 | L151: 333996.4 | M151: =DATE(YEAR(B151),MONTH(B151),1) -> 45901 | N151: =IF(G151="","Unknown",G151) -> Mumbai | O151: =IF(E151="","Unknown",IF(E151<=25,"18-25",IF(E151<=35,"26-35",IF(E151<=45,"36-45",IF(E151<=55,"46-55","56-65"))))) -> 18-25 | P151: =COUNTIF($C$2:$C$1001,C151) -> 1 | Q151: =IF(COUNTIF($C$2:C151,C151)=1,1,0) -> 1
A152: ORD100152 | B152: 45696 | C152: CUST5188 | D152: Customer_286 | E152: 53 | F152: Male | G152: Gaya | H152: Laptop | I152: Electronics | J152: 9 | K152: 48833.27 | L152: 439499.43 | M152: =DATE(YEAR(B152),MONTH(B152),1) -> 45689 | N152: =IF(G152="","Unknown",G152) -> Gaya | O152: =IF(E152="","Unknown",IF(E152<=25,"18-25",IF(E152<=35,"26-35",IF(E152<=45,"36-45",IF(E152<=55,"46-55","56-65"))))) -> 46-55 | P152: =COUNTIF($C$2:$C$1001,C152) -> 1 | Q152: =IF(COUNTIF($C$2:C152,C152)=1,1,0) -> 1
A153: ORD100153 | B153: 45834 | C153: CUST1928 | D153: Customer_17 | E153: 30 | F153: Female | G153: Mumbai | H153: Mobile | I153: Electronics | J153: 7 | K153: 48642.53 | L153: 340497.71 | M153: =DATE(YEAR(B153),MONTH(B153),1) -> 45809 | N153: =IF(G153="","Unknown",G153) -> Mumbai | O153: =IF(E153="","Unknown",IF(E153<=25,"18-25",IF(E153<=35,"26-35",IF(E153<=45,"36-45",IF(E153<=55,"46-55","56-65"))))) -> 26-35 | P153: =COUNTIF($C$2:$C$1001,C153) -> 1 | Q153: =IF(COUNTIF($C$2:C153,C153)=1,1,0) -> 1
A154: ORD100154 | B154: 45956 | C154: CUST3887 | D154: Customer_371 | E154: 56 | F154: Female | G154: Mumbai | H154: Laptop | I154: Electronics | J154: 4 | K154: 42299.16 | L154: 169196.64 | M154: =DATE(YEAR(B154),MONTH(B154),1) -> 45931 | N154: =IF(G154="","Unknown",G154) -> Mumbai | O154: =IF(E154="","Unknown",IF(E154<=25,"18-25",IF(E154<=35,"26-35",IF(E154<=45,"36-45",IF(E154<=55,"46-55","56-65"))))) -> 56-65 | P154: =COUNTIF($C$2:$C$1001,C154) -> 1 | Q154: =IF(COUNTIF($C$2:C154,C154)=1,1,0) -> 1
A155: ORD100155 | B155: 45734 | C155: CUST5211 | D155: Customer_215 | E155: 53 | F155: Female | G155: Patna | H155: Book | I155: Education | J155: 5 | K155: 38233.51 | L155: 191167.55 | M155: =DATE(YEAR(B155),MONTH(B155),1) -> 45717 | N155: =IF(G155="","Unknown",G155) -> Patna | O155: =IF(E155="","Unknown",IF(E155<=25,"18-25",IF(E155<=35,"26-35",IF(E155<=45,"36-45",IF(E155<=55,"46-55","56-65"))))) -> 46-55 | P155: =COUNTIF($C$2:$C$1001,C155) -> 1 | Q155: =IF(COUNTIF($C$2:C155,C155)=1,1,0) -> 1
A156: ORD100156 | B156: 45860 | C156: CUST2236 | D156: Customer_173 | E156: 64 | F156: Male | G156: Pune | H156: Mobile | I156: Electronics | J156: 4 | K156: 6502.53 | L156: 26010.12 | M156: =DATE(YEAR(B156),MONTH(B156),1) -> 45839 | N156: =IF(G156="","Unknown",G156) -> Pune | O156: =IF(E156="","Unknown",IF(E156<=25,"18-25",IF(E156<=35,"26-35",IF(E156<=45,"36-45",IF(E156<=55,"46-55","56-65"))))) -> 56-65 | P156: =COUNTIF($C$2:$C$1001,C156) -> 1 | Q156: =IF(COUNTIF($C$2:C156,C156)=1,1,0) -> 1
A157: ORD100157 | B157: 45727 | C157: CUST5375 | D157: Customer_265 | E157: 60 | F157: Male | G157: Bengaluru | H157: Book | I157: Education | J157: 2 | K157: 18293.96 | L157: 36587.92 | M157: =DATE(YEAR(B157),MONTH(B157),1) -> 45717 | N157: =IF(G157="","Unknown",G157) -> Bengaluru | O157: =IF(E157="","Unknown",IF(E157<=25,"18-25",IF(E157<=35,"26-35",IF(E157<=45,"36-45",IF(E157<=55,"46-55","56-65"))))) -> 56-65 | P157: =COUNTIF($C$2:$C$1001,C157) -> 1 | Q157: =IF(COUNTIF($C$2:C157,C157)=1,1,0) -> 1
A158: ORD100158 | B158: 45900 | C158: CUST4137 | D158: Customer_221 | E158: 36 | F158: Male | G158: Gaya | H158: Mobile | I158: Electronics | J158: 2 | K158: 40810.01 | L158: 81620.02 | M158: =DATE(YEAR(B158),MONTH(B158),1) -> 45870 | N158: =IF(G158="","Unknown",G158) -> Gaya | O158: =IF(E158="","Unknown",IF(E158<=25,"18-25",IF(E158<=35,"26-35",IF(E158<=45,"36-45",IF(E158<=55,"46-55","56-65"))))) -> 36-45 | P158: =COUNTIF($C$2:$C$1001,C158) -> 2 | Q158: =IF(COUNTIF($C$2:C158,C158)=1,1,0) -> 1
A159: ORD100159 | B159: 45704 | C159: CUST5113 | D159: Customer_271 | E159: 30 | F159: Female | G159: Kolkata | H159: Mobile | I159: Electronics | J159: 7 | K159: 28469 | L159: 199283 | M159: =DATE(YEAR(B159),MONTH(B159),1) -> 45689 | N159: =IF(G159="","Unknown",G159) -> Kolkata | O159: =IF(E159="","Unknown",IF(E159<=25,"18-25",IF(E159<=35,"26-35",IF(E159<=45,"36-45",IF(E159<=55,"46-55","56-65"))))) -> 26-35 | P159: =COUNTIF($C$2:$C$1001,C159) -> 1 | Q159: =IF(COUNTIF($C$2:C159,C159)=1,1,0) -> 1
A160: ORD100160 | B160: 45920 | C160: CUST7263 | D160: Customer_120 | E160: 55 | F160: Male | G160: Hyderabad | H160: Chair | I160: Furniture | J160: 10 | K160: 1085.13 | L160: 10851.3 | M160: =DATE(YEAR(B160),MONTH(B160),1) -> 45901 | N160: =IF(G160="","Unknown",G160) -> Hyderabad | O160: =IF(E160="","Unknown",IF(E160<=25,"18-25",IF(E160<=35,"26-35",IF(E160<=45,"36-45",IF(E160<=55,"46-55","56-65"))))) -> 46-55 | P160: =COUNTIF($C$2:$C$1001,C160) -> 1 | Q160: =IF(COUNTIF($C$2:C160,C160)=1,1,0) -> 1
A161: ORD100161 | B161: 45952 | C161: CUST2562 | D161: Customer_280 | E161: 65 | F161: Male | G161: Bengaluru | H161: Rice | I161: Grocery | J161: 3 | K161: 145.78 | L161: 437.34 | M161: =DATE(YEAR(B161),MONTH(B161),1) -> 45931 | N161: =IF(G161="","Unknown",G161) -> Bengaluru | O161: =IF(E161="","Unknown",IF(E161<=25,"18-25",IF(E161<=35,"26-35",IF(E161<=45,"36-45",IF(E161<=55,"46-55","56-65"))))) -> 56-65 | P161: =COUNTIF($C$2:$C$1001,C161) -> 1 | Q161: =IF(COUNTIF($C$2:C161,C161)=1,1,0) -> 1
A162: ORD100162 | B162: 45811 | C162: CUST9297 | D162: Customer_488 | E162: 27 | F162: Female | G162: Kolkata | H162: Mobile | I162: Electronics | J162: 9 | K162: 22636.01 | L162: 203724.09 | M162: =DATE(YEAR(B162),MONTH(B162),1) -> 45809 | N162: =IF(G162="","Unknown",G162) -> Kolkata | O162: =IF(E162="","Unknown",IF(E162<=25,"18-25",IF(E162<=35,"26-35",IF(E162<=45,"36-45",IF(E162<=55,"46-55","56-65"))))) -> 26-35 | P162: =COUNTIF($C$2:$C$1001,C162) -> 1 | Q162: =IF(COUNTIF($C$2:C162,C162)=1,1,0) -> 1
... A199: ORD100199 | B199: 45661 | C199: CUST7187 | D199: Customer_149 | E199: 38 | F199: Male | G199: Patna | H199: Mobile | I199: Electronics | J199: 1 | K199: 16633.85 | L199: 16633.85 | M199: =DATE(YEAR(B199),MONTH(B199),1) -> 45658 | N199: =IF(G199="","Unknown",G199) -> Patna | O199: =IF(E199="","Unknown",IF(E199<=25,"18-25",IF(E199<=35,"26-35",IF(E199<=45,"36-45",IF(E199<=55,"46-55","56-65"))))) -> 36-45 | P199: =COUNTIF($C$2:$C$1001,C199) -> 1 | Q199: =IF(COUNTIF($C$2:C199,C199)=1,1,0) -> 1
A200: ORD100200 | B200: 45712 | C200: CUST2953 | D200: Customer_435 | F200: Female | G200: Kolkata | H200: Rice | I200: Grocery | J200: 8 | K200: 27608.55 | L200: 220868.4 | M200: =DATE(YEAR(B200),MONTH(B200),1) -> 45689 | N200: =IF(G200="","Unknown",G200) -> Kolkata | O200: =IF(E200="","Unknown",IF(E200<=25,"18-25",IF(E200<=35,"26-35",IF(E200<=45,"36-45",IF(E200<=55,"46-55","56-65"))))) -> Unknown | P200: =COUNTIF($C$2:$C$1001,C200) -> 1 | Q200: =IF(COUNTIF($C$2:C200,C200)=1,1,0) -> 1
A201: ORD100201 | B201: 46014 | C201: CUST2779 | D201: Customer_336 | E201: 44 | F201: Female | G201: Patna | H201: Rice | I201: Grocery | J201: 7 | K201: 25521.26 | L201: 178648.82 | M201: =DATE(YEAR(B201),MONTH(B201),1) -> 45992 | N201: =IF(G201="","Unknown",G201) -> Patna | O201: =IF(E201="","Unknown",IF(E201<=25,"18-25",IF(E201<=35,"26-35",IF(E201<=45,"36-45",IF(E201<=55,"46-55","56-65"))))) -> 36-45 | P201: =COUNTIF($C$2:$C$1001,C201) -> 1 | Q201: =IF(COUNTIF($C$2:C201,C201)=1,1,0) -> 1
A202: ORD100202 | B202: 45714 | C202: CUST6564 | D202: Customer_216 | E202: 59 | F202: Female | G202: Patna | H202: Mobile | I202: Electronics | J202: 4 | K202: 35658.89 | L202: 142635.56 | M202: =DATE(YEAR(B202),MONTH(B202),1) -> 45689 | N202: =IF(G202="","Unknown",G202) -> Patna | O202: =IF(E202="","Unknown",IF(E202<=25,"18-25",IF(E202<=35,"26-35",IF(E202<=45,"36-45",IF(E202<=55,"46-55","56-65"))))) -> 56-65 | P202: =COUNTIF($C$2:$C$1001,C202) -> 1 | Q202: =IF(COUNTIF($C$2:C202,C202)=1,1,0) -> 1
A203: ORD100203 | B203: 45726 | C203: CUST4996 | D203: Customer_449 | E203: 61 | F203: Female | G203: Hyderabad | H203: Laptop | I203: Electronics | J203: 8 | K203: 18088.02 | L203: 144704.16 | M203: =DATE(YEAR(B203),MONTH(B203),1) -> 45717 | N203: =IF(G203="","Unknown",G203) -> Hyderabad | O203: =IF(E203="","Unknown",IF(E203<=25,"18-25",IF(E203<=35,"26-35",IF(E203<=45,"36-45",IF(E203<=55,"46-55","56-65"))))) -> 56-65 | P203: =COUNTIF($C$2:$C$1001,C203) -> 2 | Q203: =IF(COUNTIF($C$2:C203,C203)=1,1,0) -> 1
A204: ORD100204 | B204: 46007 | C204: CUST2428 | D204: Customer_127 | E204: 52 | F204: Female | G204: Mumbai | H204: Book | I204: Education | J204: 3 | K204: 16041.29 | L204: 48123.87 | M204: =DATE(YEAR(B204),MONTH(B204),1) -> 45992 | N204: =IF(G204="","Unknown",G204) -> Mumbai | O204: =IF(E204="","Unknown",IF(E204<=25,"18-25",IF(E204<=35,"26-35",IF(E204<=45,"36-45",IF(E204<=55,"46-55","56-65"))))) -> 46-55 | P204: =COUNTIF($C$2:$C$1001,C204) -> 1 | Q204: =IF(COUNTIF($C$2:C204,C204)=1,1,0) -> 1
A205: ORD100205 | B205: 45714 | C205: CUST2448 | D205: Customer_444 | E205: 59 | F205: Female | G205: Kolkata | H205: Chair | I205: Furniture | J205: 9 | K205: 16533.74 | L205: 148803.66 | M205: =DATE(YEAR(B205),MONTH(B205),1) -> 45689 | N205: =IF(G205="","Unknown",G205) -> Kolkata | O205: =IF(E205="","Unknown",IF(E205<=25,"18-25",IF(E205<=35,"26-35",IF(E205<=45,"36-45",IF(E205<=55,"46-55","56-65"))))) -> 56-65 | P205: =COUNTIF($C$2:$C$1001,C205) -> 1 | Q205: =IF(COUNTIF($C$2:C205,C205)=1,1,0) -> 1
A206: ORD100206 | B206: 45725 | C206: CUST1049 | D206: Customer_243 | E206: 55 | F206: Female | G206: Hyderabad | H206: Book | I206: Education | J206: 1 | K206: 16714.64 | L206: 16714.64 | M206: =DATE(YEAR(B206),MONTH(B206),1) -> 45717 | N206: =IF(G206="","Unknown",G206) -> Hyderabad | O206: =IF(E206="","Unknown",IF(E206<=25,"18-25",IF(E206<=35,"26-35",IF(E206<=45,"36-45",IF(E206<=55,"46-55","56-65"))))) -> 46-55 | P206: =COUNTIF($C$2:$C$1001,C206) -> 1 | Q206: =IF(COUNTIF($C$2:C206,C206)=1,1,0) -> 1
A207: ORD100207 | B207: 45899 | C207: CUST9728 | D207: Customer_338 | E207: 45 | F207: Male | G207: Gaya | H207: Rice | I207: Grocery | J207: 4 | K207: 46356.08 | L207: 185424.32 | M207: =DATE(YEAR(B207),MONTH(B207),1) -> 45870 | N207: =IF(G207="","Unknown",G207) -> Gaya | O207: =IF(E207="","Unknown",IF(E207<=25,"18-25",IF(E207<=35,"26-35",IF(E207<=45,"36-45",IF(E207<=55,"46-55","56-65"))))) -> 36-45 | P207: =COUNTIF($C$2:$C$1001,C207) -> 1 | Q207: =IF(COUNTIF($C$2:C207,C207)=1,1,0) -> 1
A208: ORD100208 | B208: 45713 | C208: CUST6932 | D208: Customer_304 | E208: 31 | F208: Male | G208: Kolkata | H208: Shoes | I208: Fashion | J208: 8 | K208: 2636.28 | L208: 21090.24 | M208: =DATE(YEAR(B208),MONTH(B208),1) -> 45689 | N208: =IF(G208="","Unknown",G208) -> Kolkata | O208: =IF(E208="","Unknown",IF(E208<=25,"18-25",IF(E208<=35,"26-35",IF(E208<=45,"36-45",IF(E208<=55,"46-55","56-65"))))) -> 26-35 | P208: =COUNTIF($C$2:$C$1001,C208) -> 1 | Q208: =IF(COUNTIF($C$2:C208,C208)=1,1,0) -> 1
A209: ORD100209 | B209: 45752 | C209: CUST9159 | D209: Customer_12 | E209: 40 | F209: Female | G209: Kolkata | H209: Mobile | I209: Electronics | J209: 6 | K209: 34808.76 | L209: 208852.56 | M209: =DATE(YEAR(B209),MONTH(B209),1) -> 45748 | N209: =IF(G209="","Unknown",G209) -> Kolkata | O209: =IF(E209="","Unknown",IF(E209<=25,"18-25",IF(E209<=35,"26-35",IF(E209<=45,"36-45",IF(E209<=55,"46-55","56-65"))))) -> 36-45 | P209: =COUNTIF($C$2:$C$1001,C209) -> 1 | Q209: =IF(COUNTIF($C$2:C209,C209)=1,1,0) -> 1
A210: ORD100210 | B210: 45894 | C210: CUST6518 | D210: Customer_410 | E210: 44 | F210: Female | G210: Hyderabad | H210: Shoes | I210: Fashion | J210: 10 | K210: 17713.87 | L210: 177138.7 | M210: =DATE(YEAR(B210),MONTH(B210),1) -> 45870 | N210: =IF(G210="","Unknown",G210) -> Hyderabad | O210: =IF(E210="","Unknown",IF(E210<=25,"18-25",IF(E210<=35,"26-35",IF(E210<=45,"36-45",IF(E210<=55,"46-55","56-65"))))) -> 36-45 | P210: =COUNTIF($C$2:$C$1001,C210) -> 1 | Q210: =IF(COUNTIF($C$2:C210,C210)=1,1,0) -> 1
A211: ORD100211 | B211: 45763 | C211: CUST4756 | D211: Customer_15 | E211: 55 | F211: Female | G211: Bengaluru | H211: Book | I211: Education | J211: 3 | K211: 4421.33 | L211: 13263.99 | M211: =DATE(YEAR(B211),MONTH(B211),1) -> 45748 | N211: =IF(G211="","Unknown",G211) -> Bengaluru | O211: =IF(E211="","Unknown",IF(E211<=25,"18-25",IF(E211<=35,"26-35",IF(E211<=45,"36-45",IF(E211<=55,"46-55","56-65"))))) -> 46-55 | P211: =COUNTIF($C$2:$C$1001,C211) -> 2 | Q211: =IF(COUNTIF($C$2:C211,C211)=1,1,0) -> 1
A212: ORD100212 | B212: 45757 | C212: CUST7659 | D212: Customer_445 | E212: 20 | F212: Male | G212: Patna | H212: Chair | I212: Furniture | J212: 1 | K212: 49067.82 | L212: 49067.82 | M212: =DATE(YEAR(B212),MONTH(B212),1) -> 45748 | N212: =IF(G212="","Unknown",G212) -> Patna | O212: =IF(E212="","Unknown",IF(E212<=25,"18-25",IF(E212<=35,"26-35",IF(E212<=45,"36-45",IF(E212<=55,"46-55","56-65"))))) -> 18-25 | P212: =COUNTIF($C$2:$C$1001,C212) -> 1 | Q212: =IF(COUNTIF($C$2:C212,C212)=1,1,0) -> 1
... A224: ORD100224 | B224: 45997 | C224: CUST7613 | D224: Customer_432 | E224: 22 | F224: Male | G224: Mumbai | H224: Laptop | I224: Electronics | J224: 8 | K224: 49347.28 | L224: 394778.24 | M224: =DATE(YEAR(B224),MONTH(B224),1) -> 45992 | N224: =IF(G224="","Unknown",G224) -> Mumbai | O224: =IF(E224="","Unknown",IF(E224<=25,"18-25",IF(E224<=35,"26-35",IF(E224<=45,"36-45",IF(E224<=55,"46-55","56-65"))))) -> 18-25 | P224: =COUNTIF($C$2:$C$1001,C224) -> 1 | Q224: =IF(COUNTIF($C$2:C224,C224)=1,1,0) -> 1
A225: ORD100225 | B225: 45998 | C225: CUST1443 | D225: Customer_315 | E225: 37 | F225: Female | H225: Rice | I225: Grocery | J225: 1 | K225: 25336.7 | L225: 25336.7 | M225: =DATE(YEAR(B225),MONTH(B225),1) -> 45992 | N225: =IF(G225="","Unknown",G225) -> Unknown | O225: =IF(E225="","Unknown",IF(E225<=25,"18-25",IF(E225<=35,"26-35",IF(E225<=45,"36-45",IF(E225<=55,"46-55","56-65"))))) -> 36-45 | P225: =COUNTIF($C$2:$C$1001,C225) -> 1 | Q225: =IF(COUNTIF($C$2:C225,C225)=1,1,0) -> 1
A226: ORD100226 | B226: 45696 | C226: CUST9319 | D226: Customer_434 | E226: 54 | F226: Female | G226: Pune | H226: Rice | I226: Grocery | J226: 5 | K226: 7361.11 | L226: 36805.55 | M226: =DATE(YEAR(B226),MONTH(B226),1) -> 45689 | N226: =IF(G226="","Unknown",G226) -> Pune | O226: =IF(E226="","Unknown",IF(E226<=25,"18-25",IF(E226<=35,"26-35",IF(E226<=45,"36-45",IF(E226<=55,"46-55","56-65"))))) -> 46-55 | P226: =COUNTIF($C$2:$C$1001,C226) -> 1 | Q226: =IF(COUNTIF($C$2:C226,C226)=1,1,0) -> 1
A227: ORD100227 | B227: 45754 | C227: CUST6773 | D227: Customer_200 | E227: 22 | F227: Male | G227: Hyderabad | H227: Laptop | I227: Electronics | J227: 4 | K227: 33205.94 | L227: 132823.76 | M227: =DATE(YEAR(B227),MONTH(B227),1) -> 45748 | N227: =IF(G227="","Unknown",G227) -> Hyderabad | O227: =IF(E227="","Unknown",IF(E227<=25,"18-25",IF(E227<=35,"26-35",IF(E227<=45,"36-45",IF(E227<=55,"46-55","56-65"))))) -> 18-25 | P227: =COUNTIF($C$2:$C$1001,C227) -> 1 | Q227: =IF(COUNTIF($C$2:C227,C227)=1,1,0) -> 1
A228: ORD100228 | B228: 45827 | C228: CUST5214 | D228: Customer_142 | E228: 63 | F228: Female | G228: Patna | H228: Chair | I228: Furniture | J228: 4 | K228: 21609.52 | L228: 86438.08 | M228: =DATE(YEAR(B228),MONTH(B228),1) -> 45809 | N228: =IF(G228="","Unknown",G228) -> Patna | O228: =IF(E228="","Unknown",IF(E228<=25,"18-25",IF(E228<=35,"26-35",IF(E228<=45,"36-45",IF(E228<=55,"46-55","56-65"))))) -> 56-65 | P228: =COUNTIF($C$2:$C$1001,C228) -> 1 | Q228: =IF(COUNTIF($C$2:C228,C228)=1,1,0) -> 1
A229: ORD100229 | B229: 45846 | C229: CUST3618 | D229: Customer_131 | E229: 28 | F229: Male | G229: Pune | H229: Laptop | I229: Electronics | J229: 10 | K229: 33072.39 | L229: 330723.9 | M229: =DATE(YEAR(B229),MONTH(B229),1) -> 45839 | N229: =IF(G229="","Unknown",G229) -> Pune | O229: =IF(E229="","Unknown",IF(E229<=25,"18-25",IF(E229<=35,"26-35",IF(E229<=45,"36-45",IF(E229<=55,"46-55","56-65"))))) -> 26-35 | P229: =COUNTIF($C$2:$C$1001,C229) -> 1 | Q229: =IF(COUNTIF($C$2:C229,C229)=1,1,0) -> 1
A230: ORD100230 | B230: 45962 | C230: CUST3668 | D230: Customer_415 | E230: 63 | F230: Male | G230: Patna | H230: Mobile | I230: Electronics | J230: 6 | K230: 46679.69 | L230: 280078.14 | M230: =DATE(YEAR(B230),MONTH(B230),1) -> 45962 | N230: =IF(G230="","Unknown",G230) -> Patna | O230: =IF(E230="","Unknown",IF(E230<=25,"18-25",IF(E230<=35,"26-35",IF(E230<=45,"36-45",IF(E230<=55,"46-55","56-65"))))) -> 56-65 | P230: =COUNTIF($C$2:$C$1001,C230) -> 1 | Q230: =IF(COUNTIF($C$2:C230,C230)=1,1,0) -> 1
A231: ORD100231 | B231: 45793 | C231: CUST7315 | D231: Customer_283 | E231: 45 | F231: Female | G231: Mumbai | H231: Book | I231: Education | J231: 3 | K231: 17931.34 | L231: 53794.02 | M231: =DATE(YEAR(B231),MONTH(B231),1) -> 45778 | N231: =IF(G231="","Unknown",G231) -> Mumbai | O231: =IF(E231="","Unknown",IF(E231<=25,"18-25",IF(E231<=35,"26-35",IF(E231<=45,"36-45",IF(E231<=55,"46-55","56-65"))))) -> 36-45 | P231: =COUNTIF($C$2:$C$1001,C231) -> 1 | Q231: =IF(COUNTIF($C$2:C231,C231)=1,1,0) -> 1
A232: ORD100232 | B232: 45758 | C232: CUST9158 | D232: Customer_297 | E232: 61 | F232: Male | G232: Gaya | H232: Chair | I232: Furniture | J232: 4 | K232: 5518.32 | L232: 22073.28 | M232: =DATE(YEAR(B232),MONTH(B232),1) -> 45748 | N232: =IF(G232="","Unknown",G232) -> Gaya | O232: =IF(E232="","Unknown",IF(E232<=25,"18-25",IF(E232<=35,"26-35",IF(E232<=45,"36-45",IF(E232<=55,"46-55","56-65"))))) -> 56-65 | P232: =COUNTIF($C$2:$C$1001,C232) -> 1 | Q232: =IF(COUNTIF($C$2:C232,C232)=1,1,0) -> 1
A233: ORD100233 | B233: 45829 | C233: CUST6522 | D233: Customer_468 | E233: 61 | F233: Male | G233: Mumbai | H233: Book | I233: Education | J233: 7 | K233: 15331.09 | L233: 107317.63 | M233: =DATE(YEAR(B233),MONTH(B233),1) -> 45809 | N233: =IF(G233="","Unknown",G233) -> Mumbai | O233: =IF(E233="","Unknown",IF(E233<=25,"18-25",IF(E233<=35,"26-35",IF(E233<=45,"36-45",IF(E233<=55,"46-55","56-65"))))) -> 56-65 | P233: =COUNTIF($C$2:$C$1001,C233) -> 1 | Q233: =IF(COUNTIF($C$2:C233,C233)=1,1,0) -> 1
A234: ORD100234 | B234: 45905 | C234: CUST3760 | D234: Customer_360 | E234: 63 | F234: Female | G234: Bengaluru | H234: Shoes | I234: Fashion | J234: 1 | K234: 41626.11 | L234: 41626.11 | M234: =DATE(YEAR(B234),MONTH(B234),1) -> 45901 | N234: =IF(G234="","Unknown",G234) -> Bengaluru | O234: =IF(E234="","Unknown",IF(E234<=25,"18-25",IF(E234<=35,"26-35",IF(E234<=45,"36-45",IF(E234<=55,"46-55","56-65"))))) -> 56-65 | P234: =COUNTIF($C$2:$C$1001,C234) -> 1 | Q234: =IF(COUNTIF($C$2:C234,C234)=1,1,0) -> 1
A235: ORD100235 | B235: 45952 | C235: CUST5079 | D235: Customer_348 | E235: 41 | F235: Female | G235: Bengaluru | H235: Chair | I235: Furniture | J235: 8 | K235: 33479.62 | L235: 267836.96 | M235: =DATE(YEAR(B235),MONTH(B235),1) -> 45931 | N235: =IF(G235="","Unknown",G235) -> Bengaluru | O235: =IF(E235="","Unknown",IF(E235<=25,"18-25",IF(E235<=35,"26-35",IF(E235<=45,"36-45",IF(E235<=55,"46-55","56-65"))))) -> 36-45 | P235: =COUNTIF($C$2:$C$1001,C235) -> 1 | Q235: =IF(COUNTIF($C$2:C235,C235)=1,1,0) -> 1
A236: ORD100236 | B236: 45796 | C236: CUST6082 | D236: Customer_301 | E236: 62 | F236: Male | G236: Mumbai | H236: Laptop | I236: Electronics | J236: 9 | K236: 44135.66 | L236: 397220.94 | M236: =DATE(YEAR(B236),MONTH(B236),1) -> 45778 | N236: =IF(G236="","Unknown",G236) -> Mumbai | O236: =IF(E236="","Unknown",IF(E236<=25,"18-25",IF(E236<=35,"26-35",IF(E236<=45,"36-45",IF(E236<=55,"46-55","56-65"))))) -> 56-65 | P236: =COUNTIF($C$2:$C$1001,C236) -> 2 | Q236: =IF(COUNTIF($C$2:C236,C236)=1,1,0) -> 1
A237: ORD100237 | B237: 45833 | C237: CUST8311 | D237: Customer_225 | E237: 32 | F237: Male | G237: Bengaluru | H237: Mobile | I237: Electronics | J237: 10 | K237: 4504.89 | L237: 45048.9 | M237: =DATE(YEAR(B237),MONTH(B237),1) -> 45809 | N237: =IF(G237="","Unknown",G237) -> Bengaluru | O237: =IF(E237="","Unknown",IF(E237<=25,"18-25",IF(E237<=35,"26-35",IF(E237<=45,"36-45",IF(E237<=55,"46-55","56-65"))))) -> 26-35 | P237: =COUNTIF($C$2:$C$1001,C237) -> 1 | Q237: =IF(COUNTIF($C$2:C237,C237)=1,1,0) -> 1
... A249: ORD100249 | B249: 45680 | C249: CUST5454 | D249: Customer_368 | E249: 19 | F249: Female | G249: Hyderabad | H249: Chair | I249: Furniture | J249: 10 | K249: 30855.5 | L249: 308555 | M249: =DATE(YEAR(B249),MONTH(B249),1) -> 45658 | N249: =IF(G249="","Unknown",G249) -> Hyderabad | O249: =IF(E249="","Unknown",IF(E249<=25,"18-25",IF(E249<=35,"26-35",IF(E249<=45,"36-45",IF(E249<=55,"46-55","56-65"))))) -> 18-25 | P249: =COUNTIF($C$2:$C$1001,C249) -> 1 | Q249: =IF(COUNTIF($C$2:C249,C249)=1,1,0) -> 1
A250: ORD100250 | B250: 46011 | C250: CUST3169 | D250: Customer_138 | F250: Female | G250: Delhi | H250: Mobile | I250: Electronics | J250: 7 | K250: 19829.73 | L250: 138808.11 | M250: =DATE(YEAR(B250),MONTH(B250),1) -> 45992 | N250: =IF(G250="","Unknown",G250) -> Delhi | O250: =IF(E250="","Unknown",IF(E250<=25,"18-25",IF(E250<=35,"26-35",IF(E250<=45,"36-45",IF(E250<=55,"46-55","56-65"))))) -> Unknown | P250: =COUNTIF($C$2:$C$1001,C250) -> 1 | Q250: =IF(COUNTIF($C$2:C250,C250)=1,1,0) -> 1
A251: ORD100251 | B251: 45749 | C251: CUST9047 | D251: Customer_363 | E251: 42 | F251: Male | G251: Patna | H251: Laptop | I251: Electronics | J251: 7 | K251: 46461.17 | L251: 325228.19 | M251: =DATE(YEAR(B251),MONTH(B251),1) -> 45748 | N251: =IF(G251="","Unknown",G251) -> Patna | O251: =IF(E251="","Unknown",IF(E251<=25,"18-25",IF(E251<=35,"26-35",IF(E251<=45,"36-45",IF(E251<=55,"46-55","56-65"))))) -> 36-45 | P251: =COUNTIF($C$2:$C$1001,C251) -> 1 | Q251: =IF(COUNTIF($C$2:C251,C251)=1,1,0) -> 1
...
